Name,Brand,Reviews count,Star rating,Quantity,Price,Crawl date,Nhóm Màu,Dung Lượng Lưu Trữ,Shop name,Shop rating,Thương hiệu,SKU,Coming Soon,Loại Bảo Hành,Tính năng điện thoại,Delivery_Option_Instant,Describe,Phân Loại Sản Phẩm,Độ Phân Giải Màn Hình,Hệ điều hành,Số Lõi,Kích thước màn hình (inch),Battery Capacity (mAh),Hệ Thống Bộ Nhớ,Bảo hành
Điện thoại Samsung Galaxy S24 Ultra - Điện thoại AI - Camera 200MP Zoom 100x - S Pen - Snapdragon 8 Gen 3,Samsung,44 đánh giá,5.0,174,33990000,2024-02-04,", , , ","12GB + 256GB, 12GB + 512GB, 12GB + 1TB",SAMSUNG Flagship Store,91%,Samsung,2540035297_VNAMZ-12440311651,1705514400000.0,Bảo hành điện tử,"AI Enabled,Cảm biến vân tay,Màn hình cảm ứng,Wifi,GPS,Chống bụi / Chống nước,Bluetooth",Có,,,,,,,,,
Điện thoại Samsung Galaxy S24 Ultra 12GB/512GB - Độc Quyền Online,Samsung,1 đánh giá,5.0,12,35490000,2024-02-04,,,Samsung Store,95%,Samsung,2534394835_VNAMZ-12420942811,,Bảo hành điện tử,,,"GIAO HÀNG SAU TẾTĐẶC ĐIỂM NỔI BẬT[Tính năng AI nổi bật]Cùng khám phá huyền thoại trở lại với những tính năng AI được nâng cấp vượt trội trên S24 Ultra- Chỉ cần khoanh vùng là tìm được thông tin- Cho phép phiên dịch trực tiếp cuộc gọi- Tóm tắt nhanh gọn và sắp xếp thông tin mọi ghi chú - Dễ dàng chỉnh sửa ảnh chuyên nghiệp(Samsung có thể yêu cầu đăng ký đối với một số hoặc tất cả các tính năng thông minh nâng cao, và lúc đó Samsung sẽ đưa ra thông báo trước.)[Khung máy bền bỉ từ titan]Thiết kế mạnh mẽ bền vững được ứng dụng. Với chất liệu titan cứng cáp tạo nên khung máy bền bỉ, kết hợp với khả năng chống trầy xước vượt trội của Kính Corning® Gorilla® Armor, cùng khả năng kháng nước và bụi đạt chuẩn IP68, Galaxy S24 Ultra sẵn sàng đồng hành cùng bạn trong mọi chuyến phiêu lưu.- Galaxy S24 Ultra được nâng cấp với chất liệu Titanium chỉ sử dụng cho khung thiết bị. Khung không bao gồm phím âm lượng và phím phụ.- Galaxy S24 Ultra được xếp hạng IP68. Dựa trên các điều kiện thử nghiệm trong phòng thí nghiệm về khả năng ngâm trong nước ngọt ở độ sâu tới 1,5 mét trong tối đa 30 phút. Không nên sử dụng cho bãi biển hoặc hồ bơi. Khả năng chống nước và bụi của thiết bị không phải là vĩnh viễn và có thể giảm dần theo thời gian do hao mòn thông thường.[Viết nên kỷ nguyên công nghệ mới của S Pen]- Mãi mãi một huyền thoại Galaxy Note. Viết, chạm và điều hướng với độ chính xác như chính ngón tay bạn.- Lưu lại những chi tiết tuyệt đẹp cực kì sắc nét với số megapixel cao nhất trên điện thoại thông minh với vi xử lý AI. Công cụ ProVisual nâng cao nhận dạng vật thể — cải thiện tông màu, giảm nhiễu và làm nổi bật chi tiết đáng kinh ngạc.- Phóng to cực nét, ngay cả ban đêm - Với pixel lớn hơn 1,6 lần và Tele OIS rộng hơn, giúp ghi lại hình ảnh và video sáng hơn cũng như ổn định hơn. Ngay cả những đối tượng ở xa cũng trở nên ấn tượng rõ ràng bất chấp tiền cảnh và điều kiện sáng, từ bình minh đến hoàng hôn.[Trải nghiệm chiến game siêu thực]- Tốc độ xử lý vượt bậc cân mọi tựa game yêu thích với buồng hơi Vapor Chamber lớn gấp đôi, Galaxy S24 Ultra đem đến trải nghiệm đồ họa mượt vượt mong đợi.- Buồng hơi được lắp đặt trên Galaxy S24 Ultra lớn hơn 92% so với Galaxy S23 Ultra.- Những cải tiến về hiệu suất AP được thể hiện so với Galaxy S23 Ultra. Hiệu suất thực tế sẽ phụ thuộc vào môi trường, các phần mềm, ứng dụng được cài đặt sẵn.[Pin bền bỉ cả ngày dài]Với dung lượng lớn cùng hiệu suất sử dụng năng lượng cao hơn, pin của Ultra đảm bảo thời lượng Pin bền bỉ hơn, sẵn sàng đồng hành cùng bạn trong mọi trận đấu game.[Màn hình với độ sáng thích ứng lớn nhất lên đến 2600 nit]- Mặt kính Corning® Gorilla® Armor giúp giảm phản xạ và cải thiện độ sắc nét của hình ảnh, ngay cả dưới ánh sáng mặt trời trực tiếp. Đồng thời công nghệ Vision Booster cải thiện độ tương phản và màu sắc cho khả năng hiển thị rõ nét mang lại trải nghiệm xem ấn tượng.- Màn hình Dynamic AMOLED 2X trên Galaxy S24 Ultra đạt chứng nhận của VDE Đức về khả năng hiển thị 100% màu săc trong phạm vị màu tiêu chuẩn của DCI-P3, nghĩa là hình ảnh của bạn không bị nhạt màu và cho ra màu sắc sống động khó tin bất kể điều kiện sáng khác nhau. Màn hình có thể đạt độ sáng tối đa lên tới 2600 nits, cải thiện độ tương phản giữa các khía cạnh tối và sáng của nội dung kỹ thuật số giúp hiển thị chất lượng hình ảnh rực rỡ hơn, cùng với tỷ lệ tương phản 5.000.000:1 cho trải nghiệm di động vô cùng sống động.THÔNG SỐ KỸ THUẬTMàu sắc: Titanium Green, Titanium Orange, Titanium BlueROM:512GBRAM: 12GBTHÔNG TIN THƯƠNG HIỆUSAMSUNG Ra đời vào năm 1969 với mong muốn giúp mọi người đạt tới những điều không thể. Sau hơn 50 năm, vẫn tiếp tục đổi mới và tạo ra công nghệ thay đổi những rào cản cũ và mới cùng với sự thành công của ngành kinh doanh điện tử trở thành công ty công nghệ được yêu thích trên toàn cầu.",", , ",Khác,Android,Khác,,,,
Samsung Galaxy S24 Ultra (12GB/256GB) 2024 chính hãng mới nhất sành điệu nhất,Samsung,Không có đánh giá,0.0,0,28625000,2024-02-04,"Vàng Titan, Đen Titan, Tím Titan, Xám Titan",,Nam Á Store - SPS,100%,Samsung,2561785450_VNAMZ-12525960851,,Bảo hành bởi Nhà sản xuất quốc tế,,,"Samsung Galaxy S24 Ultra (12GB/256GB) 2024 chính hãng mới nhất sành điệu nhấtTHÔNG TIN SẢN PHẨMBộ xử lý Tốc độ CPU: Snapdragon 8 Gen 3 for GalaxyRAM: 12 GBROM: 256 GBSim: 1 Nano SIM & 1 eSIMMàn hình: 6.8 inch, Dynamic AMOLED 2X, 2K+ (1440 x 3120 Pixels)Camera sau:Chính 200 MP & Phụ 50 MP, 12 MP, 10 MPCamera trước: 12 MPHỗ trợ: 5G, Wi-Fi, BluetoothTrọng lượng: Nặng 232gHệ điều hành: Android 14Pin: 5000 mAh, Sạc nhanh có dây 45W; Sạc nhanh không dây 15W; Sạc ngược không dây 4.5WĐẶC ĐIỂM SẢN PHẨMSamsung gần đây đã ra mắt loạt điện thoại flagship Galaxy S mới được nhiều người mong đợi, siêu phẩm Samsung Galaxy S24 Series cũng đã được giới thiệu chính thức với công chúng với 3 phiên bản cực thú vị gồm Samsung Galaxy S24, S24 Plus và S24 Ultra.Thay đổi tinh tế mang đến một thiết kế đẹp mắtGalaxy S24 Ultra mang đến một số thay đổi về thiết kế. Màn hình cong đã biến mất và điện thoại thông minh hiện có màn hình phẳng với viền hẹp hơn. Khung máy được chế tạo từ chất liệu titan thay vì nhôm, được cho là bền bỉ, giúp máy có tuổi thọ tốt hơn và có khả năng kháng nước, chống bụi đạt tiêu chuẩn IP68.Thiết kế tổng thể của Galaxy S24 Ultra vẫn giống với Galaxy S23 Ultra với thân máy vuông vức, nam tính và đi kèm khe chứa bút S Pen. Smartphone này có mặt trước được bảo vệ bởi kính cường lực Corning Gorilla Armor, có thể giảm phản xạ tới 75% và là lớp bảo vệ bằng kính Gorilla chống trầy xước tốt nhất.Màn hìnhGalaxy S24+ và Galaxy S24 Ultra được trang bị cùng tấm nền Dynamic AMOLED 2X, với độ phân giải 3,120 x 1,440 pixel, tốc độ làm mới thích ứng 1-120Hz và độ sáng tối đa 2,600nits. Sự khác biệt chính giữa bộ đôi này là kích thước khi Galaxy S24+ có màn hình 6.7 inch, trong khi Galaxy S24 Ultra có màn hình 6.8 inchCameraGalaxy S24 Ultra có tới 4 camera sau. Điện thoại này tiếp tục sử dụng cảm biến chính 200MP f/1.7, đi kèm với camera tele 10MP với zoom quang 3x và camera siêu rộng 12MP. Thay đổi đáng chú ý nhất của smartphone này là camera tele 50MP với zoom quang 5x , thay thế cho camera tele 10MP trước đó với zoom quang 10x. Samsung đã chọn ống kính có độ phân giải cao hơn thay vì ưu tiên khả năng zoom thuần túy. Đối với ảnh selfie, Samsung vẫn giữ lại camera trước 12MP.Hiệu suất, phần mềm và AITại Việt Nam, Samsung đã ra mắt S24 Ultra được cung cấp sức mạnh đến từ SoC Snapdragon 8 Gen 3 for Galaxy. Mặc dù đây đều là những bộ xử lý mới và mạnh mẽ nhất trong thế giới Android hiện tại nhưng với nhiều người, họ vẫn thích sự ổn định của chip “rồng” hơn.Về bộ nhớ, S24 Plus và S24 Ultra có chúng các tùy chọn ROM 256GB và 512GB. Model “Ultra” cung cấp thêm cho người dùng biến thể 1TB dung lượng lưu trữ.Loạt Galaxy S thế hệ mới cũng bao gồm một loạt tính năng AI, như:Circle to Search cho phép người dùng khoanh tròn, đánh dấu, viết nguệch ngoạc hoặc nhấn vào bất kỳ thứ gì trên màn hình để xem kết quả tìm kiếm của Google.Live Translate  cho phép dịch giọng nói và văn bản hai chiều trong thời gian thực của các cuộc gọi điện thoại.Interpreter giúp dịch các cuộc hội thoại trực tiếp với chế độ xem chia đôi màn hình, cho phép hai người dễ dàng đọc văn bản đã dịch.Pin và sạcGalaxy S24 được cung cấp năng lượng từ viên pin 4,000 mAh, trong khi S24+ có pin 4,900 mAh và con số này trên S24 Ultra là 5,000 mAh. Do đó, bộ đôi “Plus” và “Ultra” sẽ cho thời lượng sử dụng không khác biệt nhau quá nhiều và vượt trội so với model “tiêu chuẩn”.CHÍNH SÁCH BẢO HÀNH- Bảo hành 12 tháng chính hãng.CAM KẾT- Chính sách đổi trả hàng miễn phí khi sản phẩm kém chất lượng và không giống hình, nhầm số lượng.- Sản phẩm luôn có sẵn trong kho hàng.- Giao hàng ngay khi nhận được đơn hàng.- Hoàn tiền ngay nếu sản phẩm không giống với mô tả.---------------------------------Công ty Cổ phần Công nghệ thông tin Nam Á - Đại lý ủy quyền chính thức của Samsung (Samsung Premium Store)Hotline: 1800 6725 (miễn phí cuộc gọi)Fanpage: Nam Á StoreZalo: 0906.620.668Địa chỉ: 64 Vũ Phạm Hàm, Yên Hòa, Cầu Giấy, Hà NộiXin chân thành cảm ơn quý khách đã tin tưởng và lựa chọn sản phẩm của Shop. Nếu quý khách có bất kỳ thắc mắc về sản phẩm, vui lòng liên hệ ngay với chúng tôi qua phần liên hệ. Chúng tôi rất hân hạnh mang tới những sản phẩm chất lượng nhất cho quý khách!",,1440 x 3120,Android,Snapdragon 8 Gen 3 for Galaxy,6.8 inches,5000 mAh,,
Samsung Galaxy S24 Ultra (12GB/512GB) 2024 chính hãng mới nhất,Samsung,Không có đánh giá,0.0,0,31990000,2024-02-04,"Vàng Titan, Đen Titan, Tím Titan, Xám Titan",,Nam Á Store - SPS,100%,Samsung,2561781482_VNAMZ-12525980637,,Bảo hành bởi Nhà sản xuất quốc tế,,,"Điện thoại Samsung Galaxy S24 Ultra (12GB/512GB) 2024 chính hãng mới nhấtTHÔNG TIN SẢN PHẨMBộ xử lý Tốc độ CPU: Snapdragon 8 Gen 3 for GalaxyRAM: 12 GBROM: 512 GBSim: 1 Nano SIM & 1 eSIMMàn hình: 6.8 inch, Dynamic AMOLED 2X, 2K+ (1440 x 3120 Pixels)Camera sau:Chính 200 MP & Phụ 50 MP, 12 MP, 10 MPCamera trước: 12 MPHỗ trợ: 5G, Wi-Fi, BluetoothTrọng lượng: Nặng 232gHệ điều hành: Android 14Pin: 5000 mAh, Sạc nhanh có dây 45W; Sạc nhanh không dây 15W; Sạc ngược không dây 4.5WĐẶC ĐIỂM SẢN PHẨMSamsung gần đây đã ra mắt loạt điện thoại flagship Galaxy S mới được nhiều người mong đợi, siêu phẩm Samsung Galaxy S24 Series cũng đã được giới thiệu chính thức với công chúng với 3 phiên bản cực thú vị gồm Samsung Galaxy S24, S24 Plus và S24 Ultra.Thay đổi tinh tế mang đến một thiết kế đẹp mắtGalaxy S24 Ultra mang đến một số thay đổi về thiết kế. Màn hình cong đã biến mất và điện thoại thông minh hiện có màn hình phẳng với viền hẹp hơn. Khung máy được chế tạo từ chất liệu titan thay vì nhôm, được cho là bền bỉ, giúp máy có tuổi thọ tốt hơn và có khả năng kháng nước, chống bụi đạt tiêu chuẩn IP68.Thiết kế tổng thể của Galaxy S24 Ultra vẫn giống với Galaxy S23 Ultra với thân máy vuông vức, nam tính và đi kèm khe chứa bút S Pen. Smartphone này có mặt trước được bảo vệ bởi kính cường lực Corning Gorilla Armor, có thể giảm phản xạ tới 75% và là lớp bảo vệ bằng kính Gorilla chống trầy xước tốt nhất.Màn hìnhGalaxy S24+ và Galaxy S24 Ultra được trang bị cùng tấm nền Dynamic AMOLED 2X, với độ phân giải 3,120 x 1,440 pixel, tốc độ làm mới thích ứng 1-120Hz và độ sáng tối đa 2,600nits. Sự khác biệt chính giữa bộ đôi này là kích thước khi Galaxy S24+ có màn hình 6.7 inch, trong khi Galaxy S24 Ultra có màn hình 6.8 inchCameraGalaxy S24 Ultra có tới 4 camera sau. Điện thoại này tiếp tục sử dụng cảm biến chính 200MP f/1.7, đi kèm với camera tele 10MP với zoom quang 3x và camera siêu rộng 12MP. Thay đổi đáng chú ý nhất của smartphone này là camera tele 50MP với zoom quang 5x , thay thế cho camera tele 10MP trước đó với zoom quang 10x. Samsung đã chọn ống kính có độ phân giải cao hơn thay vì ưu tiên khả năng zoom thuần túy. Đối với ảnh selfie, Samsung vẫn giữ lại camera trước 12MP.Hiệu suất, phần mềm và AITại Việt Nam, Samsung đã ra mắt S24 Ultra được cung cấp sức mạnh đến từ SoC Snapdragon 8 Gen 3 for Galaxy. Mặc dù đây đều là những bộ xử lý mới và mạnh mẽ nhất trong thế giới Android hiện tại nhưng với nhiều người, họ vẫn thích sự ổn định của chip “rồng” hơn.Về bộ nhớ, S24 Plus và S24 Ultra có chúng các tùy chọn ROM 256GB và 512GB. Model “Ultra” cung cấp thêm cho người dùng biến thể 1TB dung lượng lưu trữ.Loạt Galaxy S thế hệ mới cũng bao gồm một loạt tính năng AI, như:Circle to Search cho phép người dùng khoanh tròn, đánh dấu, viết nguệch ngoạc hoặc nhấn vào bất kỳ thứ gì trên màn hình để xem kết quả tìm kiếm của Google.Live Translate  cho phép dịch giọng nói và văn bản hai chiều trong thời gian thực của các cuộc gọi điện thoại.Interpreter giúp dịch các cuộc hội thoại trực tiếp với chế độ xem chia đôi màn hình, cho phép hai người dễ dàng đọc văn bản đã dịch.Pin và sạcGalaxy S24 được cung cấp năng lượng từ viên pin 4,000 mAh, trong khi S24+ có pin 4,900 mAh và con số này trên S24 Ultra là 5,000 mAh. Do đó, bộ đôi “Plus” và “Ultra” sẽ cho thời lượng sử dụng không khác biệt nhau quá nhiều và vượt trội so với model “tiêu chuẩn”.CHÍNH SÁCH BẢO HÀNH- Bảo hành 12 tháng chính hãng.CAM KẾT- Chính sách đổi trả hàng miễn phí khi sản phẩm kém chất lượng và không giống hình, nhầm số lượng.- Sản phẩm luôn có sẵn trong kho hàng.- Giao hàng ngay khi nhận được đơn hàng.- Hoàn tiền ngay nếu sản phẩm không giống với mô tả.---------------------------------Công ty Cổ phần Công nghệ thông tin Nam Á - Đại lý ủy quyền chính thức của Samsung (Samsung Premium Store)Hotline: 1800 6725 (miễn phí cuộc gọi)Fanpage: Nam Á StoreZalo: 0906.620.668Địa chỉ: 64 Vũ Phạm Hàm, Yên Hòa, Cầu Giấy, Hà NộiXin chân thành cảm ơn quý khách đã tin tưởng và lựa chọn sản phẩm của Shop. Nếu quý khách có bất kỳ thắc mắc về sản phẩm, vui lòng liên hệ ngay với chúng tôi qua phần liên hệ. Chúng tôi rất hân hạnh mang tới những sản phẩm chất lượng nhất cho quý khách!",,1440 x 3120,Android,Snapdragon 8 Gen 3 for Galaxy,6.8 inches,5000 mAh,,
Điện thoại Samsung Galaxy S24 Ultra 12GB/256GB - Độc Quyền Online,Samsung,Không có đánh giá,0.0,0,31990000,2024-02-04,,,Samsung Store,95%,Samsung,2534421716_VNAMZ-12421022169,,Bảo hành điện tử,,,"ĐẶC ĐIỂM NỔI BẬT[Tính năng AI nổi bật]Cùng khám phá huyền thoại trở lại với những tính năng AI được nâng cấp vượt trội trên S24 Ultra- Chỉ cần khoanh vùng là tìm được thông tin- Cho phép phiên dịch trực tiếp cuộc gọi- Tóm tắt nhanh gọn và sắp xếp thông tin mọi ghi chú - Dễ dàng chỉnh sửa ảnh chuyên nghiệp(Samsung có thể yêu cầu đăng ký đối với một số hoặc tất cả các tính năng thông minh nâng cao, và lúc đó Samsung sẽ đưa ra thông báo trước.)[Khung máy bền bỉ từ titan]Thiết kế mạnh mẽ bền vững được ứng dụng. Với chất liệu titan cứng cáp tạo nên khung máy bền bỉ, kết hợp với khả năng chống trầy xước vượt trội của Kính Corning® Gorilla® Armor, cùng khả năng kháng nước và bụi đạt chuẩn IP68, Galaxy S24 Ultra sẵn sàng đồng hành cùng bạn trong mọi chuyến phiêu lưu.- Galaxy S24 Ultra được nâng cấp với chất liệu Titanium chỉ sử dụng cho khung thiết bị. Khung không bao gồm phím âm lượng và phím phụ.- Galaxy S24 Ultra được xếp hạng IP68. Dựa trên các điều kiện thử nghiệm trong phòng thí nghiệm về khả năng ngâm trong nước ngọt ở độ sâu tới 1,5 mét trong tối đa 30 phút. Không nên sử dụng cho bãi biển hoặc hồ bơi. Khả năng chống nước và bụi của thiết bị không phải là vĩnh viễn và có thể giảm dần theo thời gian do hao mòn thông thường.[Viết nên kỷ nguyên công nghệ mới của S Pen]- Mãi mãi một huyền thoại Galaxy Note. Viết, chạm và điều hướng với độ chính xác như chính ngón tay bạn.- Lưu lại những chi tiết tuyệt đẹp cực kì sắc nét với số megapixel cao nhất trên điện thoại thông minh với vi xử lý AI. Công cụ ProVisual nâng cao nhận dạng vật thể — cải thiện tông màu, giảm nhiễu và làm nổi bật chi tiết đáng kinh ngạc.- Phóng to cực nét, ngay cả ban đêm - Với pixel lớn hơn 1,6 lần và Tele OIS rộng hơn, giúp ghi lại hình ảnh và video sáng hơn cũng như ổn định hơn. Ngay cả những đối tượng ở xa cũng trở nên ấn tượng rõ ràng bất chấp tiền cảnh và điều kiện sáng, từ bình minh đến hoàng hôn.[Trải nghiệm chiến game siêu thực]- Tốc độ xử lý vượt bậc cân mọi tựa game yêu thích với buồng hơi Vapor Chamber lớn gấp đôi, Galaxy S24 Ultra đem đến trải nghiệm đồ họa mượt vượt mong đợi.- Buồng hơi được lắp đặt trên Galaxy S24 Ultra lớn hơn 92% so với Galaxy S23 Ultra.- Những cải tiến về hiệu suất AP được thể hiện so với Galaxy S23 Ultra. Hiệu suất thực tế sẽ phụ thuộc vào môi trường, các phần mềm, ứng dụng được cài đặt sẵn.[Pin bền bỉ cả ngày dài]Với dung lượng lớn cùng hiệu suất sử dụng năng lượng cao hơn, pin của Ultra đảm bảo thời lượng Pin bền bỉ hơn, sẵn sàng đồng hành cùng bạn trong mọi trận đấu game.[Màn hình với độ sáng thích ứng lớn nhất lên đến 2600 nit]- Mặt kính Corning® Gorilla® Armor giúp giảm phản xạ và cải thiện độ sắc nét của hình ảnh, ngay cả dưới ánh sáng mặt trời trực tiếp. Đồng thời công nghệ Vision Booster cải thiện độ tương phản và màu sắc cho khả năng hiển thị rõ nét mang lại trải nghiệm xem ấn tượng.- Màn hình Dynamic AMOLED 2X trên Galaxy S24 Ultra đạt chứng nhận của VDE Đức về khả năng hiển thị 100% màu săc trong phạm vị màu tiêu chuẩn của DCI-P3, nghĩa là hình ảnh của bạn không bị nhạt màu và cho ra màu sắc sống động khó tin bất kể điều kiện sáng khác nhau. Màn hình có thể đạt độ sáng tối đa lên tới 2600 nits, cải thiện độ tương phản giữa các khía cạnh tối và sáng của nội dung kỹ thuật số giúp hiển thị chất lượng hình ảnh rực rỡ hơn, cùng với tỷ lệ tương phản 5.000.000:1 cho trải nghiệm di động vô cùng sống động.THÔNG SỐ KỸ THUẬTMàu sắc: Titanium Green, Titanium Orange, Titanium BlueROM:256GBRAM: 12GBTHÔNG TIN THƯƠNG HIỆUSAMSUNG Ra đời vào năm 1969 với mong muốn giúp mọi người đạt tới những điều không thể. Sau hơn 50 năm, vẫn tiếp tục đổi mới và tạo ra công nghệ thay đổi những rào cản cũ và mới cùng với sự thành công của ngành kinh doanh điện tử trở thành công ty công nghệ được yêu thích trên toàn cầu.",", , ",Khác,Android,Khác,,,,
Samsung Galaxy S24 Ultra 5G 512GB,Samsung,Không có đánh giá,0.0,0,32490000,2024-02-04,", , , ",,FPT SHOP,96%,Samsung,2564978248_VNAMZ-12540680584,,Bằng Thẻ bảo hành và Hóa đơn,,,"Chính sách đổi trả/bảo hành sản phẩm theo quy định của FPT Shop, khách hàng tham khảo tại link sau: https://fptshop.com.vn/ho-tro/chinh-sach-doi-san-pham hoặc liên hệ hotline 18006616 của FPT Shop để dược hỗ trợ",,,,,,,,
Samsung Galaxy S24 Ultra 5G 256GB,Samsung,Không có đánh giá,0.0,0,33990000,2024-02-04,", , , ",,Tablet Plaza Store,Không có đánh giá,Samsung,2560676917_VNAMZ-12520675128,,Bảo hành điện tử,,,"✅Samsung Galaxy S24 Ultra 5G 256GB  - CHÍNH HÃNG SAMSUNG VIETNAM✅BẢO HÀNH ĐIỆN TỬ 12 THÁNG CHÍNH HÃNG - TẶNG SAMSUNG CARE PLUS 2 NĂM✅Thông tin sản phẩm● Bộ nhớ trong: 256 GB● Camera sau: Chính 200 MP & Phụ 50 MP, 12 MP, 10 MP● Camera trước: 12 MP● CPU: Snapdragon 8 Gen 3 for Galaxy● Dung lượng pin: 5000 mAh, 45 W● Hệ điều hành: Android 14● Màn hình: 6.8"" - Tần số quét 120 Hz - 2K+ (1440 x 3120 Pixels) - Dynamic AMOLED 2X● RAM: 12 GB● Thẻ SIM: 2 Nano SIM, Hỗ trợ 5G● Trọng lượng: Nặng 232 g● Đường kính mặt: Dài 162.3 mm - Ngang 79 mm - Dày 8.6 mm● Thương hiệu: Samsung● Cổng kết nối: Type-C",,1440 x 3120 Pixels,Android 14,Snapdragon 8 Gen 3 for Galaxy,6.8 inches,5000 mAh,256 GB,1 năm
Samsung Galaxy S24 Ultra 5G 256GB,Samsung,Không có đánh giá,0.0,0,28990000,2024-02-04,", , , ",,FPT SHOP,96%,Samsung,2564977375_VNAMZ-12540968365,,Bằng Thẻ bảo hành và Hóa đơn,,,"Samsung Galaxy S24 Ultra với công nghệ AI hoàn hảo, hiệu năng đỉnh cao cùng đa tính năng cao cấp nhất. Mua S24 Ultra giá tốt nhất tại FPTShop, trả góp 0% trả trước 0 đồng, thu cũ đổi mới giảm thêm 5 triệu. Chính sách đổi trả/bảo hành sản phẩm theo quy định của FPT Shop, khách hàng tham khảo tại link sau: https://fptshop.com.vn/ho-tro/chinh-sach-doi-san-pham hoặc liên hệ hotline 18006616 của FPT Shop để dược hỗ trợ",,,,,,,,
Điện thoại Samsung Galaxy S24 Ultra 12GB/1TB - Độc Quyền Online,Samsung,Không có đánh giá,0.0,13,39490000,2024-02-04,,,Samsung Store,95%,Samsung,2534500258_VNAMZ-12420917682,,Bảo hành điện tử,,,"GIAO HÀNG SAU TẾTĐẶC ĐIỂM NỔI BẬT[Tính năng AI nổi bật]Cùng khám phá huyền thoại trở lại với những tính năng AI được nâng cấp vượt trội trên S24 Ultra- Chỉ cần khoanh vùng là tìm được thông tin- Cho phép phiên dịch trực tiếp cuộc gọi- Tóm tắt nhanh gọn và sắp xếp thông tin mọi ghi chú - Dễ dàng chỉnh sửa ảnh chuyên nghiệp(Samsung có thể yêu cầu đăng ký đối với một số hoặc tất cả các tính năng thông minh nâng cao, và lúc đó Samsung sẽ đưa ra thông báo trước.)[Khung máy bền bỉ từ titan]Thiết kế mạnh mẽ bền vững được ứng dụng. Với chất liệu titan cứng cáp tạo nên khung máy bền bỉ, kết hợp với khả năng chống trầy xước vượt trội của Kính Corning® Gorilla® Armor, cùng khả năng kháng nước và bụi đạt chuẩn IP68, Galaxy S24 Ultra sẵn sàng đồng hành cùng bạn trong mọi chuyến phiêu lưu.- Galaxy S24 Ultra được nâng cấp với chất liệu Titanium chỉ sử dụng cho khung thiết bị. Khung không bao gồm phím âm lượng và phím phụ.- Galaxy S24 Ultra được xếp hạng IP68. Dựa trên các điều kiện thử nghiệm trong phòng thí nghiệm về khả năng ngâm trong nước ngọt ở độ sâu tới 1,5 mét trong tối đa 30 phút. Không nên sử dụng cho bãi biển hoặc hồ bơi. Khả năng chống nước và bụi của thiết bị không phải là vĩnh viễn và có thể giảm dần theo thời gian do hao mòn thông thường.[Viết nên kỷ nguyên công nghệ mới của S Pen]- Mãi mãi một huyền thoại Galaxy Note. Viết, chạm và điều hướng với độ chính xác như chính ngón tay bạn.- Lưu lại những chi tiết tuyệt đẹp cực kì sắc nét với số megapixel cao nhất trên điện thoại thông minh với vi xử lý AI. Công cụ ProVisual nâng cao nhận dạng vật thể — cải thiện tông màu, giảm nhiễu và làm nổi bật chi tiết đáng kinh ngạc.- Phóng to cực nét, ngay cả ban đêm - Với pixel lớn hơn 1,6 lần và Tele OIS rộng hơn, giúp ghi lại hình ảnh và video sáng hơn cũng như ổn định hơn. Ngay cả những đối tượng ở xa cũng trở nên ấn tượng rõ ràng bất chấp tiền cảnh và điều kiện sáng, từ bình minh đến hoàng hôn.[Trải nghiệm chiến game siêu thực]- Tốc độ xử lý vượt bậc cân mọi tựa game yêu thích với buồng hơi Vapor Chamber lớn gấp đôi, Galaxy S24 Ultra đem đến trải nghiệm đồ họa mượt vượt mong đợi.- Buồng hơi được lắp đặt trên Galaxy S24 Ultra lớn hơn 92% so với Galaxy S23 Ultra.- Những cải tiến về hiệu suất AP được thể hiện so với Galaxy S23 Ultra. Hiệu suất thực tế sẽ phụ thuộc vào môi trường, các phần mềm, ứng dụng được cài đặt sẵn.[Pin bền bỉ cả ngày dài]Với dung lượng lớn cùng hiệu suất sử dụng năng lượng cao hơn, pin của Ultra đảm bảo thời lượng Pin bền bỉ hơn, sẵn sàng đồng hành cùng bạn trong mọi trận đấu game.[Màn hình với độ sáng thích ứng lớn nhất lên đến 2600 nit]- Mặt kính Corning® Gorilla® Armor giúp giảm phản xạ và cải thiện độ sắc nét của hình ảnh, ngay cả dưới ánh sáng mặt trời trực tiếp. Đồng thời công nghệ Vision Booster cải thiện độ tương phản và màu sắc cho khả năng hiển thị rõ nét mang lại trải nghiệm xem ấn tượng.- Màn hình Dynamic AMOLED 2X trên Galaxy S24 Ultra đạt chứng nhận của VDE Đức về khả năng hiển thị 100% màu săc trong phạm vị màu tiêu chuẩn của DCI-P3, nghĩa là hình ảnh của bạn không bị nhạt màu và cho ra màu sắc sống động khó tin bất kể điều kiện sáng khác nhau. Màn hình có thể đạt độ sáng tối đa lên tới 2600 nits, cải thiện độ tương phản giữa các khía cạnh tối và sáng của nội dung kỹ thuật số giúp hiển thị chất lượng hình ảnh rực rỡ hơn, cùng với tỷ lệ tương phản 5.000.000:1 cho trải nghiệm di động vô cùng sống động.THÔNG SỐ KỸ THUẬTMàu sắc: Titanium Green, Titanium Orange, Titanium BlueROM:1TBRAM: 12GBTHÔNG TIN THƯƠNG HIỆUSAMSUNG Ra đời vào năm 1969 với mong muốn giúp mọi người đạt tới những điều không thể. Sau hơn 50 năm, vẫn tiếp tục đổi mới và tạo ra công nghệ thay đổi những rào cản cũ và mới cùng với sự thành công của ngành kinh doanh điện tử trở thành công ty công nghệ được yêu thích trên toàn cầu.",", , ",Khác,Android,Khác,,,,
Điện thoại Samsung Galaxy S24 Ultra 12GB/512GB - Độc Quyền Online,Samsung,1 đánh giá,5.0,12,35490000,2024-02-11,,,Samsung Store,95%,Samsung,2534394835_VNAMZ-12420942811,,Bảo hành điện tử,,,"GIAO HÀNG SAU TẾTĐẶC ĐIỂM NỔI BẬT[Tính năng AI nổi bật]Cùng khám phá huyền thoại trở lại với những tính năng AI được nâng cấp vượt trội trên S24 Ultra- Chỉ cần khoanh vùng là tìm được thông tin- Cho phép phiên dịch trực tiếp cuộc gọi- Tóm tắt nhanh gọn và sắp xếp thông tin mọi ghi chú - Dễ dàng chỉnh sửa ảnh chuyên nghiệp(Samsung có thể yêu cầu đăng ký đối với một số hoặc tất cả các tính năng thông minh nâng cao, và lúc đó Samsung sẽ đưa ra thông báo trước.)[Khung máy bền bỉ từ titan]Thiết kế mạnh mẽ bền vững được ứng dụng. Với chất liệu titan cứng cáp tạo nên khung máy bền bỉ, kết hợp với khả năng chống trầy xước vượt trội của Kính Corning® Gorilla® Armor, cùng khả năng kháng nước và bụi đạt chuẩn IP68, Galaxy S24 Ultra sẵn sàng đồng hành cùng bạn trong mọi chuyến phiêu lưu.- Galaxy S24 Ultra được nâng cấp với chất liệu Titanium chỉ sử dụng cho khung thiết bị. Khung không bao gồm phím âm lượng và phím phụ.- Galaxy S24 Ultra được xếp hạng IP68. Dựa trên các điều kiện thử nghiệm trong phòng thí nghiệm về khả năng ngâm trong nước ngọt ở độ sâu tới 1,5 mét trong tối đa 30 phút. Không nên sử dụng cho bãi biển hoặc hồ bơi. Khả năng chống nước và bụi của thiết bị không phải là vĩnh viễn và có thể giảm dần theo thời gian do hao mòn thông thường.[Viết nên kỷ nguyên công nghệ mới của S Pen]- Mãi mãi một huyền thoại Galaxy Note. Viết, chạm và điều hướng với độ chính xác như chính ngón tay bạn.- Lưu lại những chi tiết tuyệt đẹp cực kì sắc nét với số megapixel cao nhất trên điện thoại thông minh với vi xử lý AI. Công cụ ProVisual nâng cao nhận dạng vật thể — cải thiện tông màu, giảm nhiễu và làm nổi bật chi tiết đáng kinh ngạc.- Phóng to cực nét, ngay cả ban đêm - Với pixel lớn hơn 1,6 lần và Tele OIS rộng hơn, giúp ghi lại hình ảnh và video sáng hơn cũng như ổn định hơn. Ngay cả những đối tượng ở xa cũng trở nên ấn tượng rõ ràng bất chấp tiền cảnh và điều kiện sáng, từ bình minh đến hoàng hôn.[Trải nghiệm chiến game siêu thực]- Tốc độ xử lý vượt bậc cân mọi tựa game yêu thích với buồng hơi Vapor Chamber lớn gấp đôi, Galaxy S24 Ultra đem đến trải nghiệm đồ họa mượt vượt mong đợi.- Buồng hơi được lắp đặt trên Galaxy S24 Ultra lớn hơn 92% so với Galaxy S23 Ultra.- Những cải tiến về hiệu suất AP được thể hiện so với Galaxy S23 Ultra. Hiệu suất thực tế sẽ phụ thuộc vào môi trường, các phần mềm, ứng dụng được cài đặt sẵn.[Pin bền bỉ cả ngày dài]Với dung lượng lớn cùng hiệu suất sử dụng năng lượng cao hơn, pin của Ultra đảm bảo thời lượng Pin bền bỉ hơn, sẵn sàng đồng hành cùng bạn trong mọi trận đấu game.[Màn hình với độ sáng thích ứng lớn nhất lên đến 2600 nit]- Mặt kính Corning® Gorilla® Armor giúp giảm phản xạ và cải thiện độ sắc nét của hình ảnh, ngay cả dưới ánh sáng mặt trời trực tiếp. Đồng thời công nghệ Vision Booster cải thiện độ tương phản và màu sắc cho khả năng hiển thị rõ nét mang lại trải nghiệm xem ấn tượng.- Màn hình Dynamic AMOLED 2X trên Galaxy S24 Ultra đạt chứng nhận của VDE Đức về khả năng hiển thị 100% màu săc trong phạm vị màu tiêu chuẩn của DCI-P3, nghĩa là hình ảnh của bạn không bị nhạt màu và cho ra màu sắc sống động khó tin bất kể điều kiện sáng khác nhau. Màn hình có thể đạt độ sáng tối đa lên tới 2600 nits, cải thiện độ tương phản giữa các khía cạnh tối và sáng của nội dung kỹ thuật số giúp hiển thị chất lượng hình ảnh rực rỡ hơn, cùng với tỷ lệ tương phản 5.000.000:1 cho trải nghiệm di động vô cùng sống động.THÔNG SỐ KỸ THUẬTMàu sắc: Titanium Green, Titanium Orange, Titanium BlueROM:512GBRAM: 12GBTHÔNG TIN THƯƠNG HIỆUSAMSUNG Ra đời vào năm 1969 với mong muốn giúp mọi người đạt tới những điều không thể. Sau hơn 50 năm, vẫn tiếp tục đổi mới và tạo ra công nghệ thay đổi những rào cản cũ và mới cùng với sự thành công của ngành kinh doanh điện tử trở thành công ty công nghệ được yêu thích trên toàn cầu.",", , ",Khác,Android,Khác,,,,
Điện thoại Samsung Galaxy S24 Ultra - Điện thoại AI - Camera 200MP Zoom 100x - S Pen - Snapdragon 8 Gen 3,Samsung,52 đánh giá,5.0,179,33990000,2024-02-11,", , , ","12GB + 256GB, 12GB + 512GB, 12GB + 1TB",SAMSUNG Flagship Store,91%,Samsung,2540035297_VNAMZ-12440311651,1705514400000,Bảo hành điện tử,"AI Enabled,Cảm biến vân tay,Màn hình cảm ứng,Wifi,GPS,Chống bụi / Chống nước,Bluetooth",Có,,,,,,,,,
Samsung Galaxy S24 Ultra (12GB/256GB) 2024 chính hãng mới nhất sành điệu nhất,Samsung,Không có đánh giá,0,0,28625000,2024-02-11,"Vàng Titan, Đen Titan, Tím Titan, Xám Titan",,Nam Á Store - SPS,100%,Samsung,2561785450_VNAMZ-12525960851,,Bảo hành bởi Nhà sản xuất quốc tế,,,"Samsung Galaxy S24 Ultra (12GB/256GB) 2024 chính hãng mới nhất sành điệu nhấtTHÔNG TIN SẢN PHẨMBộ xử lý Tốc độ CPU: Snapdragon 8 Gen 3 for GalaxyRAM: 12 GBROM: 256 GBSim: 1 Nano SIM & 1 eSIMMàn hình: 6.8 inch, Dynamic AMOLED 2X, 2K+ (1440 x 3120 Pixels)Camera sau:Chính 200 MP & Phụ 50 MP, 12 MP, 10 MPCamera trước: 12 MPHỗ trợ: 5G, Wi-Fi, BluetoothTrọng lượng: Nặng 232gHệ điều hành: Android 14Pin: 5000 mAh, Sạc nhanh có dây 45W; Sạc nhanh không dây 15W; Sạc ngược không dây 4.5WĐẶC ĐIỂM SẢN PHẨMSamsung gần đây đã ra mắt loạt điện thoại flagship Galaxy S mới được nhiều người mong đợi, siêu phẩm Samsung Galaxy S24 Series cũng đã được giới thiệu chính thức với công chúng với 3 phiên bản cực thú vị gồm Samsung Galaxy S24, S24 Plus và S24 Ultra.Thay đổi tinh tế mang đến một thiết kế đẹp mắtGalaxy S24 Ultra mang đến một số thay đổi về thiết kế. Màn hình cong đã biến mất và điện thoại thông minh hiện có màn hình phẳng với viền hẹp hơn. Khung máy được chế tạo từ chất liệu titan thay vì nhôm, được cho là bền bỉ, giúp máy có tuổi thọ tốt hơn và có khả năng kháng nước, chống bụi đạt tiêu chuẩn IP68.Thiết kế tổng thể của Galaxy S24 Ultra vẫn giống với Galaxy S23 Ultra với thân máy vuông vức, nam tính và đi kèm khe chứa bút S Pen. Smartphone này có mặt trước được bảo vệ bởi kính cường lực Corning Gorilla Armor, có thể giảm phản xạ tới 75% và là lớp bảo vệ bằng kính Gorilla chống trầy xước tốt nhất.Màn hìnhGalaxy S24+ và Galaxy S24 Ultra được trang bị cùng tấm nền Dynamic AMOLED 2X, với độ phân giải 3,120 x 1,440 pixel, tốc độ làm mới thích ứng 1-120Hz và độ sáng tối đa 2,600nits. Sự khác biệt chính giữa bộ đôi này là kích thước khi Galaxy S24+ có màn hình 6.7 inch, trong khi Galaxy S24 Ultra có màn hình 6.8 inchCameraGalaxy S24 Ultra có tới 4 camera sau. Điện thoại này tiếp tục sử dụng cảm biến chính 200MP f/1.7, đi kèm với camera tele 10MP với zoom quang 3x và camera siêu rộng 12MP. Thay đổi đáng chú ý nhất của smartphone này là camera tele 50MP với zoom quang 5x , thay thế cho camera tele 10MP trước đó với zoom quang 10x. Samsung đã chọn ống kính có độ phân giải cao hơn thay vì ưu tiên khả năng zoom thuần túy. Đối với ảnh selfie, Samsung vẫn giữ lại camera trước 12MP.Hiệu suất, phần mềm và AITại Việt Nam, Samsung đã ra mắt S24 Ultra được cung cấp sức mạnh đến từ SoC Snapdragon 8 Gen 3 for Galaxy. Mặc dù đây đều là những bộ xử lý mới và mạnh mẽ nhất trong thế giới Android hiện tại nhưng với nhiều người, họ vẫn thích sự ổn định của chip “rồng” hơn.Về bộ nhớ, S24 Plus và S24 Ultra có chúng các tùy chọn ROM 256GB và 512GB. Model “Ultra” cung cấp thêm cho người dùng biến thể 1TB dung lượng lưu trữ.Loạt Galaxy S thế hệ mới cũng bao gồm một loạt tính năng AI, như:Circle to Search cho phép người dùng khoanh tròn, đánh dấu, viết nguệch ngoạc hoặc nhấn vào bất kỳ thứ gì trên màn hình để xem kết quả tìm kiếm của Google.Live Translate  cho phép dịch giọng nói và văn bản hai chiều trong thời gian thực của các cuộc gọi điện thoại.Interpreter giúp dịch các cuộc hội thoại trực tiếp với chế độ xem chia đôi màn hình, cho phép hai người dễ dàng đọc văn bản đã dịch.Pin và sạcGalaxy S24 được cung cấp năng lượng từ viên pin 4,000 mAh, trong khi S24+ có pin 4,900 mAh và con số này trên S24 Ultra là 5,000 mAh. Do đó, bộ đôi “Plus” và “Ultra” sẽ cho thời lượng sử dụng không khác biệt nhau quá nhiều và vượt trội so với model “tiêu chuẩn”.CHÍNH SÁCH BẢO HÀNH- Bảo hành 12 tháng chính hãng.CAM KẾT- Chính sách đổi trả hàng miễn phí khi sản phẩm kém chất lượng và không giống hình, nhầm số lượng.- Sản phẩm luôn có sẵn trong kho hàng.- Giao hàng ngay khi nhận được đơn hàng.- Hoàn tiền ngay nếu sản phẩm không giống với mô tả.---------------------------------Công ty Cổ phần Công nghệ thông tin Nam Á - Đại lý ủy quyền chính thức của Samsung (Samsung Premium Store)Hotline: 1800 6725 (miễn phí cuộc gọi)Fanpage: Nam Á StoreZalo: 0906.620.668Địa chỉ: 64 Vũ Phạm Hàm, Yên Hòa, Cầu Giấy, Hà NộiXin chân thành cảm ơn quý khách đã tin tưởng và lựa chọn sản phẩm của Shop. Nếu quý khách có bất kỳ thắc mắc về sản phẩm, vui lòng liên hệ ngay với chúng tôi qua phần liên hệ. Chúng tôi rất hân hạnh mang tới những sản phẩm chất lượng nhất cho quý khách!",,1440 x 3120,Android,Snapdragon 8 Gen 3 for Galaxy,6.8 inches,5000 mAh,,
Điện thoại Samsung Galaxy S24 Ultra 12GB/1TB - Độc Quyền Online,Samsung,1 đánh giá,5.0,16,39490000,2024-02-11,,,Samsung Store,95%,Samsung,2534500258_VNAMZ-12420917682,,Bảo hành điện tử,,,"GIAO HÀNG SAU TẾTĐẶC ĐIỂM NỔI BẬT[Tính năng AI nổi bật]Cùng khám phá huyền thoại trở lại với những tính năng AI được nâng cấp vượt trội trên S24 Ultra- Chỉ cần khoanh vùng là tìm được thông tin- Cho phép phiên dịch trực tiếp cuộc gọi- Tóm tắt nhanh gọn và sắp xếp thông tin mọi ghi chú - Dễ dàng chỉnh sửa ảnh chuyên nghiệp(Samsung có thể yêu cầu đăng ký đối với một số hoặc tất cả các tính năng thông minh nâng cao, và lúc đó Samsung sẽ đưa ra thông báo trước.)[Khung máy bền bỉ từ titan]Thiết kế mạnh mẽ bền vững được ứng dụng. Với chất liệu titan cứng cáp tạo nên khung máy bền bỉ, kết hợp với khả năng chống trầy xước vượt trội của Kính Corning® Gorilla® Armor, cùng khả năng kháng nước và bụi đạt chuẩn IP68, Galaxy S24 Ultra sẵn sàng đồng hành cùng bạn trong mọi chuyến phiêu lưu.- Galaxy S24 Ultra được nâng cấp với chất liệu Titanium chỉ sử dụng cho khung thiết bị. Khung không bao gồm phím âm lượng và phím phụ.- Galaxy S24 Ultra được xếp hạng IP68. Dựa trên các điều kiện thử nghiệm trong phòng thí nghiệm về khả năng ngâm trong nước ngọt ở độ sâu tới 1,5 mét trong tối đa 30 phút. Không nên sử dụng cho bãi biển hoặc hồ bơi. Khả năng chống nước và bụi của thiết bị không phải là vĩnh viễn và có thể giảm dần theo thời gian do hao mòn thông thường.[Viết nên kỷ nguyên công nghệ mới của S Pen]- Mãi mãi một huyền thoại Galaxy Note. Viết, chạm và điều hướng với độ chính xác như chính ngón tay bạn.- Lưu lại những chi tiết tuyệt đẹp cực kì sắc nét với số megapixel cao nhất trên điện thoại thông minh với vi xử lý AI. Công cụ ProVisual nâng cao nhận dạng vật thể — cải thiện tông màu, giảm nhiễu và làm nổi bật chi tiết đáng kinh ngạc.- Phóng to cực nét, ngay cả ban đêm - Với pixel lớn hơn 1,6 lần và Tele OIS rộng hơn, giúp ghi lại hình ảnh và video sáng hơn cũng như ổn định hơn. Ngay cả những đối tượng ở xa cũng trở nên ấn tượng rõ ràng bất chấp tiền cảnh và điều kiện sáng, từ bình minh đến hoàng hôn.[Trải nghiệm chiến game siêu thực]- Tốc độ xử lý vượt bậc cân mọi tựa game yêu thích với buồng hơi Vapor Chamber lớn gấp đôi, Galaxy S24 Ultra đem đến trải nghiệm đồ họa mượt vượt mong đợi.- Buồng hơi được lắp đặt trên Galaxy S24 Ultra lớn hơn 92% so với Galaxy S23 Ultra.- Những cải tiến về hiệu suất AP được thể hiện so với Galaxy S23 Ultra. Hiệu suất thực tế sẽ phụ thuộc vào môi trường, các phần mềm, ứng dụng được cài đặt sẵn.[Pin bền bỉ cả ngày dài]Với dung lượng lớn cùng hiệu suất sử dụng năng lượng cao hơn, pin của Ultra đảm bảo thời lượng Pin bền bỉ hơn, sẵn sàng đồng hành cùng bạn trong mọi trận đấu game.[Màn hình với độ sáng thích ứng lớn nhất lên đến 2600 nit]- Mặt kính Corning® Gorilla® Armor giúp giảm phản xạ và cải thiện độ sắc nét của hình ảnh, ngay cả dưới ánh sáng mặt trời trực tiếp. Đồng thời công nghệ Vision Booster cải thiện độ tương phản và màu sắc cho khả năng hiển thị rõ nét mang lại trải nghiệm xem ấn tượng.- Màn hình Dynamic AMOLED 2X trên Galaxy S24 Ultra đạt chứng nhận của VDE Đức về khả năng hiển thị 100% màu săc trong phạm vị màu tiêu chuẩn của DCI-P3, nghĩa là hình ảnh của bạn không bị nhạt màu và cho ra màu sắc sống động khó tin bất kể điều kiện sáng khác nhau. Màn hình có thể đạt độ sáng tối đa lên tới 2600 nits, cải thiện độ tương phản giữa các khía cạnh tối và sáng của nội dung kỹ thuật số giúp hiển thị chất lượng hình ảnh rực rỡ hơn, cùng với tỷ lệ tương phản 5.000.000:1 cho trải nghiệm di động vô cùng sống động.THÔNG SỐ KỸ THUẬTMàu sắc: Titanium Green, Titanium Orange, Titanium BlueROM:1TBRAM: 12GBTHÔNG TIN THƯƠNG HIỆUSAMSUNG Ra đời vào năm 1969 với mong muốn giúp mọi người đạt tới những điều không thể. Sau hơn 50 năm, vẫn tiếp tục đổi mới và tạo ra công nghệ thay đổi những rào cản cũ và mới cùng với sự thành công của ngành kinh doanh điện tử trở thành công ty công nghệ được yêu thích trên toàn cầu.",", , ",Khác,Android,Khác,,,,
Điện thoại Samsung Galaxy S24 Ultra (12GB/1TB) 2024 mới nhất sành điệu nhất,Samsung,Không có đánh giá,0,0,38400000,2024-02-11,"Vàng Titan, Đen Titan, Tím Titan, Xám Titan",,Nam Á Store - SPS,100%,Samsung,2561836355_VNAMZ-12526009529,,Bảo hành bởi Nhà sản xuất quốc tế,,,"Điện thoại Samsung Galaxy S24 Ultra (12GB/1TB) 2024 mới nhất sành điệu nhấtTHÔNG TIN SẢN PHẨMBộ xử lý Tốc độ CPU: Snapdragon 8 Gen 3 for GalaxyRAM: 12 GBROM: 1 TBSim: 1 Nano SIM & 1 eSIMMàn hình: 6.8 inch, Dynamic AMOLED 2X, 2K+ (1440 x 3120 Pixels)Camera sau:Chính 200 MP & Phụ 50 MP, 12 MP, 10 MPCamera trước: 12 MPHỗ trợ: 5G, Wi-Fi, BluetoothTrọng lượng: Nặng 232gHệ điều hành: Android 14Pin: 5000 mAh, Sạc nhanh có dây 45W; Sạc nhanh không dây 15W; Sạc ngược không dây 4.5WĐẶC ĐIỂM SẢN PHẨMSamsung gần đây đã ra mắt loạt điện thoại flagship Galaxy S mới được nhiều người mong đợi, siêu phẩm Samsung Galaxy S24 Series cũng đã được giới thiệu chính thức với công chúng với 3 phiên bản cực thú vị gồm Samsung Galaxy S24, S24 Plus và S24 Ultra.Thay đổi tinh tế mang đến một thiết kế đẹp mắtGalaxy S24 Ultra mang đến một số thay đổi về thiết kế. Màn hình cong đã biến mất và điện thoại thông minh hiện có màn hình phẳng với viền hẹp hơn. Khung máy được chế tạo từ chất liệu titan thay vì nhôm, được cho là bền bỉ, giúp máy có tuổi thọ tốt hơn và có khả năng kháng nước, chống bụi đạt tiêu chuẩn IP68.Thiết kế tổng thể của Galaxy S24 Ultra vẫn giống với Galaxy S23 Ultra với thân máy vuông vức, nam tính và đi kèm khe chứa bút S Pen. Smartphone này có mặt trước được bảo vệ bởi kính cường lực Corning Gorilla Armor, có thể giảm phản xạ tới 75% và là lớp bảo vệ bằng kính Gorilla chống trầy xước tốt nhất.Màn hìnhGalaxy S24+ và Galaxy S24 Ultra được trang bị cùng tấm nền Dynamic AMOLED 2X, với độ phân giải 3,120 x 1,440 pixel, tốc độ làm mới thích ứng 1-120Hz và độ sáng tối đa 2,600nits. Sự khác biệt chính giữa bộ đôi này là kích thước khi Galaxy S24+ có màn hình 6.7 inch, trong khi Galaxy S24 Ultra có màn hình 6.8 inchCameraGalaxy S24 Ultra có tới 4 camera sau. Điện thoại này tiếp tục sử dụng cảm biến chính 200MP f/1.7, đi kèm với camera tele 10MP với zoom quang 3x và camera siêu rộng 12MP. Thay đổi đáng chú ý nhất của smartphone này là camera tele 50MP với zoom quang 5x , thay thế cho camera tele 10MP trước đó với zoom quang 10x. Samsung đã chọn ống kính có độ phân giải cao hơn thay vì ưu tiên khả năng zoom thuần túy. Đối với ảnh selfie, Samsung vẫn giữ lại camera trước 12MP.Hiệu suất, phần mềm và AITại Việt Nam, Samsung đã ra mắt S24 Ultra được cung cấp sức mạnh đến từ SoC Snapdragon 8 Gen 3 for Galaxy. Mặc dù đây đều là những bộ xử lý mới và mạnh mẽ nhất trong thế giới Android hiện tại nhưng với nhiều người, họ vẫn thích sự ổn định của chip “rồng” hơn.Về bộ nhớ, S24 Plus và S24 Ultra có chúng các tùy chọn ROM 256GB và 512GB. Model “Ultra” cung cấp thêm cho người dùng biến thể 1TB dung lượng lưu trữ.Loạt Galaxy S thế hệ mới cũng bao gồm một loạt tính năng AI, như:Circle to Search cho phép người dùng khoanh tròn, đánh dấu, viết nguệch ngoạc hoặc nhấn vào bất kỳ thứ gì trên màn hình để xem kết quả tìm kiếm của Google.Live Translate  cho phép dịch giọng nói và văn bản hai chiều trong thời gian thực của các cuộc gọi điện thoại.Interpreter giúp dịch các cuộc hội thoại trực tiếp với chế độ xem chia đôi màn hình, cho phép hai người dễ dàng đọc văn bản đã dịch.Pin và sạcGalaxy S24 được cung cấp năng lượng từ viên pin 4,000 mAh, trong khi S24+ có pin 4,900 mAh và con số này trên S24 Ultra là 5,000 mAh. Do đó, bộ đôi “Plus” và “Ultra” sẽ cho thời lượng sử dụng không khác biệt nhau quá nhiều và vượt trội so với model “tiêu chuẩn”.CHÍNH SÁCH BẢO HÀNH- Bảo hành 12 tháng chính hãng.CAM KẾT- Chính sách đổi trả hàng miễn phí khi sản phẩm kém chất lượng và không giống hình, nhầm số lượng.- Sản phẩm luôn có sẵn trong kho hàng.- Giao hàng ngay khi nhận được đơn hàng.- Hoàn tiền ngay nếu sản phẩm không giống với mô tả.---------------------------------Công ty Cổ phần Công nghệ thông tin Nam Á - Đại lý ủy quyền chính thức của Samsung (Samsung Premium Store)Hotline: 1800 6725 (miễn phí cuộc gọi)Fanpage: Nam Á StoreZalo: 0906.620.668Địa chỉ: 64 Vũ Phạm Hàm, Yên Hòa, Cầu Giấy, Hà NộiXin chân thành cảm ơn quý khách đã tin tưởng và lựa chọn sản phẩm của Shop. Nếu quý khách có bất kỳ thắc mắc về sản phẩm, vui lòng liên hệ ngay với chúng tôi qua phần liên hệ. Chúng tôi rất hân hạnh mang tới những sản phẩm chất lượng nhất cho quý khách!",,1440 x 3120,Android,Snapdragon 8 Gen 3 for Galaxy,6.8 inches,5000 mAh,,
Điện thoại Samsung Galaxy S24 Ultra 12GB/256GB - Độc Quyền Online,Samsung,Không có đánh giá,0,0,31990000,2024-02-11,,,Samsung Store,95%,Samsung,2534421716_VNAMZ-12421022169,,Bảo hành điện tử,,,"ĐẶC ĐIỂM NỔI BẬT[Tính năng AI nổi bật]Cùng khám phá huyền thoại trở lại với những tính năng AI được nâng cấp vượt trội trên S24 Ultra- Chỉ cần khoanh vùng là tìm được thông tin- Cho phép phiên dịch trực tiếp cuộc gọi- Tóm tắt nhanh gọn và sắp xếp thông tin mọi ghi chú - Dễ dàng chỉnh sửa ảnh chuyên nghiệp(Samsung có thể yêu cầu đăng ký đối với một số hoặc tất cả các tính năng thông minh nâng cao, và lúc đó Samsung sẽ đưa ra thông báo trước.)[Khung máy bền bỉ từ titan]Thiết kế mạnh mẽ bền vững được ứng dụng. Với chất liệu titan cứng cáp tạo nên khung máy bền bỉ, kết hợp với khả năng chống trầy xước vượt trội của Kính Corning® Gorilla® Armor, cùng khả năng kháng nước và bụi đạt chuẩn IP68, Galaxy S24 Ultra sẵn sàng đồng hành cùng bạn trong mọi chuyến phiêu lưu.- Galaxy S24 Ultra được nâng cấp với chất liệu Titanium chỉ sử dụng cho khung thiết bị. Khung không bao gồm phím âm lượng và phím phụ.- Galaxy S24 Ultra được xếp hạng IP68. Dựa trên các điều kiện thử nghiệm trong phòng thí nghiệm về khả năng ngâm trong nước ngọt ở độ sâu tới 1,5 mét trong tối đa 30 phút. Không nên sử dụng cho bãi biển hoặc hồ bơi. Khả năng chống nước và bụi của thiết bị không phải là vĩnh viễn và có thể giảm dần theo thời gian do hao mòn thông thường.[Viết nên kỷ nguyên công nghệ mới của S Pen]- Mãi mãi một huyền thoại Galaxy Note. Viết, chạm và điều hướng với độ chính xác như chính ngón tay bạn.- Lưu lại những chi tiết tuyệt đẹp cực kì sắc nét với số megapixel cao nhất trên điện thoại thông minh với vi xử lý AI. Công cụ ProVisual nâng cao nhận dạng vật thể — cải thiện tông màu, giảm nhiễu và làm nổi bật chi tiết đáng kinh ngạc.- Phóng to cực nét, ngay cả ban đêm - Với pixel lớn hơn 1,6 lần và Tele OIS rộng hơn, giúp ghi lại hình ảnh và video sáng hơn cũng như ổn định hơn. Ngay cả những đối tượng ở xa cũng trở nên ấn tượng rõ ràng bất chấp tiền cảnh và điều kiện sáng, từ bình minh đến hoàng hôn.[Trải nghiệm chiến game siêu thực]- Tốc độ xử lý vượt bậc cân mọi tựa game yêu thích với buồng hơi Vapor Chamber lớn gấp đôi, Galaxy S24 Ultra đem đến trải nghiệm đồ họa mượt vượt mong đợi.- Buồng hơi được lắp đặt trên Galaxy S24 Ultra lớn hơn 92% so với Galaxy S23 Ultra.- Những cải tiến về hiệu suất AP được thể hiện so với Galaxy S23 Ultra. Hiệu suất thực tế sẽ phụ thuộc vào môi trường, các phần mềm, ứng dụng được cài đặt sẵn.[Pin bền bỉ cả ngày dài]Với dung lượng lớn cùng hiệu suất sử dụng năng lượng cao hơn, pin của Ultra đảm bảo thời lượng Pin bền bỉ hơn, sẵn sàng đồng hành cùng bạn trong mọi trận đấu game.[Màn hình với độ sáng thích ứng lớn nhất lên đến 2600 nit]- Mặt kính Corning® Gorilla® Armor giúp giảm phản xạ và cải thiện độ sắc nét của hình ảnh, ngay cả dưới ánh sáng mặt trời trực tiếp. Đồng thời công nghệ Vision Booster cải thiện độ tương phản và màu sắc cho khả năng hiển thị rõ nét mang lại trải nghiệm xem ấn tượng.- Màn hình Dynamic AMOLED 2X trên Galaxy S24 Ultra đạt chứng nhận của VDE Đức về khả năng hiển thị 100% màu săc trong phạm vị màu tiêu chuẩn của DCI-P3, nghĩa là hình ảnh của bạn không bị nhạt màu và cho ra màu sắc sống động khó tin bất kể điều kiện sáng khác nhau. Màn hình có thể đạt độ sáng tối đa lên tới 2600 nits, cải thiện độ tương phản giữa các khía cạnh tối và sáng của nội dung kỹ thuật số giúp hiển thị chất lượng hình ảnh rực rỡ hơn, cùng với tỷ lệ tương phản 5.000.000:1 cho trải nghiệm di động vô cùng sống động.THÔNG SỐ KỸ THUẬTMàu sắc: Titanium Green, Titanium Orange, Titanium BlueROM:256GBRAM: 12GBTHÔNG TIN THƯƠNG HIỆUSAMSUNG Ra đời vào năm 1969 với mong muốn giúp mọi người đạt tới những điều không thể. Sau hơn 50 năm, vẫn tiếp tục đổi mới và tạo ra công nghệ thay đổi những rào cản cũ và mới cùng với sự thành công của ngành kinh doanh điện tử trở thành công ty công nghệ được yêu thích trên toàn cầu.",", , ",Khác,Android,Khác,,,,
Samsung Galaxy S24 Ultra (12GB/512GB) 2024 chính hãng mới nhất,Samsung,Không có đánh giá,0,0,31990000,2024-02-11,"Vàng Titan, Đen Titan, Tím Titan, Xám Titan",,Nam Á Store - SPS,100%,Samsung,2561781482_VNAMZ-12525980637,,Bảo hành bởi Nhà sản xuất quốc tế,,,"Điện thoại Samsung Galaxy S24 Ultra (12GB/512GB) 2024 chính hãng mới nhấtTHÔNG TIN SẢN PHẨMBộ xử lý Tốc độ CPU: Snapdragon 8 Gen 3 for GalaxyRAM: 12 GBROM: 512 GBSim: 1 Nano SIM & 1 eSIMMàn hình: 6.8 inch, Dynamic AMOLED 2X, 2K+ (1440 x 3120 Pixels)Camera sau:Chính 200 MP & Phụ 50 MP, 12 MP, 10 MPCamera trước: 12 MPHỗ trợ: 5G, Wi-Fi, BluetoothTrọng lượng: Nặng 232gHệ điều hành: Android 14Pin: 5000 mAh, Sạc nhanh có dây 45W; Sạc nhanh không dây 15W; Sạc ngược không dây 4.5WĐẶC ĐIỂM SẢN PHẨMSamsung gần đây đã ra mắt loạt điện thoại flagship Galaxy S mới được nhiều người mong đợi, siêu phẩm Samsung Galaxy S24 Series cũng đã được giới thiệu chính thức với công chúng với 3 phiên bản cực thú vị gồm Samsung Galaxy S24, S24 Plus và S24 Ultra.Thay đổi tinh tế mang đến một thiết kế đẹp mắtGalaxy S24 Ultra mang đến một số thay đổi về thiết kế. Màn hình cong đã biến mất và điện thoại thông minh hiện có màn hình phẳng với viền hẹp hơn. Khung máy được chế tạo từ chất liệu titan thay vì nhôm, được cho là bền bỉ, giúp máy có tuổi thọ tốt hơn và có khả năng kháng nước, chống bụi đạt tiêu chuẩn IP68.Thiết kế tổng thể của Galaxy S24 Ultra vẫn giống với Galaxy S23 Ultra với thân máy vuông vức, nam tính và đi kèm khe chứa bút S Pen. Smartphone này có mặt trước được bảo vệ bởi kính cường lực Corning Gorilla Armor, có thể giảm phản xạ tới 75% và là lớp bảo vệ bằng kính Gorilla chống trầy xước tốt nhất.Màn hìnhGalaxy S24+ và Galaxy S24 Ultra được trang bị cùng tấm nền Dynamic AMOLED 2X, với độ phân giải 3,120 x 1,440 pixel, tốc độ làm mới thích ứng 1-120Hz và độ sáng tối đa 2,600nits. Sự khác biệt chính giữa bộ đôi này là kích thước khi Galaxy S24+ có màn hình 6.7 inch, trong khi Galaxy S24 Ultra có màn hình 6.8 inchCameraGalaxy S24 Ultra có tới 4 camera sau. Điện thoại này tiếp tục sử dụng cảm biến chính 200MP f/1.7, đi kèm với camera tele 10MP với zoom quang 3x và camera siêu rộng 12MP. Thay đổi đáng chú ý nhất của smartphone này là camera tele 50MP với zoom quang 5x , thay thế cho camera tele 10MP trước đó với zoom quang 10x. Samsung đã chọn ống kính có độ phân giải cao hơn thay vì ưu tiên khả năng zoom thuần túy. Đối với ảnh selfie, Samsung vẫn giữ lại camera trước 12MP.Hiệu suất, phần mềm và AITại Việt Nam, Samsung đã ra mắt S24 Ultra được cung cấp sức mạnh đến từ SoC Snapdragon 8 Gen 3 for Galaxy. Mặc dù đây đều là những bộ xử lý mới và mạnh mẽ nhất trong thế giới Android hiện tại nhưng với nhiều người, họ vẫn thích sự ổn định của chip “rồng” hơn.Về bộ nhớ, S24 Plus và S24 Ultra có chúng các tùy chọn ROM 256GB và 512GB. Model “Ultra” cung cấp thêm cho người dùng biến thể 1TB dung lượng lưu trữ.Loạt Galaxy S thế hệ mới cũng bao gồm một loạt tính năng AI, như:Circle to Search cho phép người dùng khoanh tròn, đánh dấu, viết nguệch ngoạc hoặc nhấn vào bất kỳ thứ gì trên màn hình để xem kết quả tìm kiếm của Google.Live Translate  cho phép dịch giọng nói và văn bản hai chiều trong thời gian thực của các cuộc gọi điện thoại.Interpreter giúp dịch các cuộc hội thoại trực tiếp với chế độ xem chia đôi màn hình, cho phép hai người dễ dàng đọc văn bản đã dịch.Pin và sạcGalaxy S24 được cung cấp năng lượng từ viên pin 4,000 mAh, trong khi S24+ có pin 4,900 mAh và con số này trên S24 Ultra là 5,000 mAh. Do đó, bộ đôi “Plus” và “Ultra” sẽ cho thời lượng sử dụng không khác biệt nhau quá nhiều và vượt trội so với model “tiêu chuẩn”.CHÍNH SÁCH BẢO HÀNH- Bảo hành 12 tháng chính hãng.CAM KẾT- Chính sách đổi trả hàng miễn phí khi sản phẩm kém chất lượng và không giống hình, nhầm số lượng.- Sản phẩm luôn có sẵn trong kho hàng.- Giao hàng ngay khi nhận được đơn hàng.- Hoàn tiền ngay nếu sản phẩm không giống với mô tả.---------------------------------Công ty Cổ phần Công nghệ thông tin Nam Á - Đại lý ủy quyền chính thức của Samsung (Samsung Premium Store)Hotline: 1800 6725 (miễn phí cuộc gọi)Fanpage: Nam Á StoreZalo: 0906.620.668Địa chỉ: 64 Vũ Phạm Hàm, Yên Hòa, Cầu Giấy, Hà NộiXin chân thành cảm ơn quý khách đã tin tưởng và lựa chọn sản phẩm của Shop. Nếu quý khách có bất kỳ thắc mắc về sản phẩm, vui lòng liên hệ ngay với chúng tôi qua phần liên hệ. Chúng tôi rất hân hạnh mang tới những sản phẩm chất lượng nhất cho quý khách!",,1440 x 3120,Android,Snapdragon 8 Gen 3 for Galaxy,6.8 inches,5000 mAh,,
