Reviewer name,Content,Rating,Rating date,Crawl date,Shop name
T***.,"ƒêi·ªán tho·∫°i m√†u ƒë·∫πp x·ªâu, x·ª©ng ƒë√°ng v·ªõi s·ªë ti·ªÅn b·ªè ra, mua ngay ƒë·ª£t sale sinh nh·∫≠t lazada ƒë∆∞·ª£c gi√° t·ªët üëç",5,20 thg 3 2023,2024-01-15,SAMSUNG Flagship Store
Son N.,"h√†ng ch√≠nh h√£ng, sƒÉn ƒëc gi√° t·ªët. giao h√†ng ƒë√∫ng l·ªãch h·∫πn. g√≥i h√†ng c·∫©n th·∫≠n",5,15 thg 3 2023,2024-01-15,SAMSUNG Flagship Store
Nguy·ªÖn H.,"Qu√° tuy·ªát v·ªùi sƒÉn gi√° sale c·ª±c r·∫ª, ƒë·∫∑t bu·ªïi t·ªëi s√°ng l·∫°i giao lu√¥n",5,23 thg 2 2023,2024-01-15,SAMSUNG Flagship Store
Nguy·ªÖn H.,"M√¨nh sƒÉn sale ƒë·ª£t pre-order 2/2, Lazada h·ªó tr·ª£ voucher ƒë·∫øn 10tr, mua S23U 256gb t·ª´ 32tr g·ªëc c√≤n 22tr tr√≤n. Gi√° qu√° ƒë·ªânh, ko 1 nh√† b√°n l·∫ª n√†o ·ªü ngo√†i ƒëua k·ªãp v·ªõi gi√° n√†y :)) L·∫ßn ƒë·∫ßu mua h√†ng gi√° tr·ªã cao tr√™n Lazada c≈©ng h∆°i r√©n, nh∆∞ng chat n√≥i chuy·ªán v·ªõi c√°c b·∫°n CSKH th√¨ y√™n t√¢m h∆°n, support c≈©ng chuy√™n nghi·ªáp. Giao h√†ng nhanh, ch·ªëng s·ªëc nhi·ªÅu l·ªõp. Box nguy√™n seal nguy√™n ki·ªán ko s·ª©t m·∫ª g√¨. N·∫øu c√≥ ƒë·ª£t n√†o gi√° t·ªët c√°c b·∫°n n√™n mua. S23U th√¨ l√† best choice trong ph√¢n kh√∫c Flagship r·ªìi",5,21 thg 2 2023,2024-01-15,SAMSUNG Flagship Store
Duong T.,"Giao h√†ng ƒë√∫ng v·ªõi th·ªùi gian h·∫πn , ƒë√≥ng g√≥i t·ªët , v·∫≠n chuy·ªÉn nhanh ch√≥ng , nh√¢n vi√™n giao nh·∫≠n th√¢n thi·ªán , s·∫£n ph·∫©m s23 ultra hi·ªán t·∫°i kh√¥ng c√≥ g√¨ ph·∫£i ph√†n n√†n , ƒë√∫ng 1 tu·∫ßn sau l√† t·ª± k√≠ch ho·∫°t b·∫£o h√†nh . C√°m ∆°n shop .",5,26 thg 2 2023,2024-01-15,SAMSUNG Flagship Store
C***.,"L·∫ßn ƒë·∫ßu ti√™n mua c√°i ƒëi·ªán tho·∫°i m√†u h·ªìng üòÑ m√† kh√¥ng nghƒ© Samsung l√†m m√†u ƒë·∫πp c∆∞ng x·ªâu. Tr∆∞·ªõc gi·ªù to√†n th√≠ch ƒëi·ªán tho·∫°i m√†u ƒëen
S33U c·∫ßm n·∫∑ng tay h∆°n so v·ªõi S22U
 T√≠nh nƒÉng:tr√™n c·∫£ tuy·ªát v·ªùi
 Ch·∫•t l∆∞·ª£ng:ƒë·ªânh c·ªßa ch√≥p
 Ch·∫•t li·ªáu:c·∫ßm ch·∫Øc tay
 ",5,6 ng√†y tr∆∞·ªõc,2024-01-15,SAMSUNG Flagship Store
Nguy·ªÖn V.,"Ch·∫•t l∆∞·ª£ng:M√†n h√¨nh b·ªã l·ªói s·ªçc ngang, m·ªü loa to b·ªã nhi·ªÖu v√† t·ª± t·∫Øt m√†n h√¨nh, ƒë·ª£i ƒë·ªïi tr·∫£ h√†ng nh∆∞ng l√¢u qu√°!
 ",5,3 tu·∫ßn tr∆∞·ªõc,2024-01-15,SAMSUNG Flagship Store
Ph·∫°m T.,"ƒê√£ nh·∫≠n ƒë∆∞·ª£c h√†ng nhanh ch√≥ng, m√°y r·∫•t ƒë·∫πp, m√†u xanh kh√° ∆∞ng √Ω! ",5,3 tu·∫ßn tr∆∞·ªõc,2024-01-15,SAMSUNG Flagship Store
H·ªì A.,"T√≠nh nƒÉng:ok
 Ch·∫•t l∆∞·ª£ng:ok
 Ch·∫•t li·ªáu:ok
Ch∆°i cho ƒë·ªß c·∫∑p lu√¥nüòÑ, shop giao h√†ng c·ª±c nhanh, ƒë√≥ng g√≥i c·∫©n th·∫≠n ",5,27 thg 10 2023,2024-01-15,SAMSUNG Flagship Store
Nguy·ªÖn H.,ƒë√≥ng g√≥i ƒë·∫£m b·∫£o h√†ng nh·∫≠n ok. thank lazada c√≥ m√£ t·ªët. l√¢u l√¢u m·ªõi sƒÉn dk,5,22 thg 2 2023,2024-01-15,SAMSUNG Flagship Store
L√™ N.,"Sp ƒë·∫πp tuy·ªát v·ªùi, ƒë√≥ng g√≥i ƒë·∫πp, k·ªπ, ƒë√£ mua nhi·ªÅu tr√™n Shop n√™n tin t∆∞·ªüng tuy·ªát ƒë·ªëi, c√≤n nguy√™n seal",5,20 thg 2 2023,2024-01-15,SAMSUNG Flagship Store
M***n,"Th·∫•y ok l·∫Øm nha mn, camera ch·ª•p ƒë·∫πp h∆°n c·∫£ iphone, c√¢y vi·∫øt x√†i r·∫•t r·∫•t ti·ªán",5,03 thg 3 2023,2024-01-15,SAMSUNG Flagship Store
H***.,"Mua d·ªãp sn ƒëc km gi√° t·ªët 22tr7, c·∫£m th·∫•y h√†i l√≤ng",5,05 thg 3 2023,2024-01-15,SAMSUNG Flagship Store
trinh T.,ch·ª•p ·∫£nh √°m v√†ng qu√°,5,27 thg 2 2023,2024-01-15,SAMSUNG Flagship Store
Nguy·ªÖn V.,ƒê·∫πp. ngon. gi√° t·ªët. thanks shop,5,24 thg 2 2023,2024-01-15,SAMSUNG Flagship Store
D***.,"Phi√™n b·∫£n S23U nƒÉm nay r·∫•t ƒë√°ng ti·ªÅn. R√∫t kinh nghi·ªám nƒÉm ngo√°i mua S22, mua s·ªõm th√¨ v·∫´n c√≥ gi√° t·ªët v√† nhi·ªÅu qu√†. NƒÉm nay qu√† √≠t h∆°n nh∆∞ng c≈©ng ·ªïn. Tr·∫£ g√≥p n·ªØa n√™n n√≥i chung l√† tuy·ªát v·ªùi.",5,15 thg 3 2023,2024-01-15,SAMSUNG Flagship Store
L∆∞∆°ng T.,"M√¨nh ghi nh·∫ßm ph∆∞·ªùng n√™n t·ªën th√™m 1 ng√†y ƒë·ªÉ giao h√†ng, nh∆∞ng t·ªïng th·ªÉ v·∫´n giao h√†ng nhanh, m√°y ƒë·∫πp, ƒëc g√≥i h√†ng k·ªπ",5,25 thg 2 2023,2024-01-15,SAMSUNG Flagship Store
L√™ V.,"tuy·ªát v·ªùi, 256G v·ªõi gi√° 18,5tr. si√™u si√™u r·∫ª lu√¥n...",5,22 thg 2 2023,2024-01-15,SAMSUNG Flagship Store
Nhat T.,SƒÉn ƒë∆∞·ª£c gi√° kh√¥ng th·ªÉ r·∫ª h∆°n n·ªØa. Gi√° cu·ªëi 18tr5 qu√° ph√™ cho d√≤ng ƒêT cao c·∫•p c·ªßa Samsung.,5,01 thg 3 2023,2024-01-15,SAMSUNG Flagship Store
8***5,"h√†ng full box, nguy√™n seal, ƒë·∫πp, ch√≠nh h√£ng, m·ªçi t√≠nh nƒÉng ƒë·ªÅu ok",5,24 thg 2 2023,2024-01-15,SAMSUNG Flagship Store
0***1,l·∫ßn ƒë·∫•u ti√™n order h√†ng gi√° tr·ªã cao tr√™n lazada n√™n c≈©ng h∆°i lo m√† th·∫•y r·∫ª h∆°n ·ªü ngo√†i ƒë·∫øn 2tr5 n√™n ph√†i chat h·ªèi t√πm lum. nh·∫≠n h√†ng th√¨ ok nh√©. m·ªçi th·ª© ·ªïn.,5,22 thg 2 2023,2024-01-15,SAMSUNG Flagship Store
B***.,nguy√™n seal giao ƒë√∫ng h·∫πn b√∫t nh·∫°y g·ªçi face time th·∫•y camera da b·ªã v√†ng Ko bi·∫øt do camera hay do Zalo ch∆∞a c·∫≠p nh·∫≠t k·ªãp. Ai c√πng tinh tr·∫°ng ƒë√£ x·ª≠ l√Ω t∆∞ v·∫•n gi√∫p. TKS.,5,27 thg 2 2023,2024-01-15,SAMSUNG Flagship Store
L√™ V.,"samsung uy t√≠n nha c√°c b·∫°n, m·ªü b√°n t·ªëi 17 m√† s√°ng 18/2 ƒë√£ nh·∫≠n ƒë∆∞·ª£c h√†ng. S23 ultra c·ª±c ƒë·ªânh nha. s·∫Ω ti·∫øp t·ª•c ·ªßng h·ªô ss.",5,20 thg 2 2023,2024-01-15,SAMSUNG Flagship Store
K***.,"h∆°i th·∫•t v·ªçng v·ªõi Lazada kh√¥ng ho tr·ª£ h·ªßy  ƒë·ªÉ ch·ªçn l·∫°i m√†u ∆∞a th√≠ch, l√∫c mua h·∫øt h√†ng c√≤n g√¨ mua ƒë√≥, mua xong m√†u th√≠ch l·∫°i c√≥ h√†ng?????",5,22 thg 2 2023,2024-01-15,SAMSUNG Flagship Store
N***.,"[TB] ƒê·ªÉ ƒë·∫£m b·∫£o an to√†n PCCC, vui Xu√¢n ƒë√≥n T·∫øt Nguy√™n ƒë√°n Qu√Ω M√£o 2023, CATP H√† N·ªôi ƒë·ªÅ ngh·ªã ng∆∞·ªùi ƒë·ª©ng ƒë·∫ßu ƒë∆°n v·ªã, c∆° s·ªü, ch·ªß h·ªô gia ƒë√¨nh th∆∞·ªùng xuy√™n ki·ªÉm tra, qu·∫£n l√Ω ch·∫∑t ch·∫Ω ngu·ªìn l·ª≠a, ngu·ªìn nhi·ªát, s·ª≠ d·ª•ng an to√†n h·ªá th·ªëng, thi·∫øt b·ªã ƒëi·ªán v√† ch·∫•t d·ªÖ ch√°y, n·ªï.",5,24 thg 2 2023,2024-01-15,SAMSUNG Flagship Store
Minh N.,"Nh·∫≠n ƒëc m√°y t·ª´ ng√†y 19 nay m·ªõi r√£nh ƒë·ªÉ ƒë√°nh gi√°. M√°y ok, nh√¢n vi√™n t∆∞ v·∫•n nhi·ªát t√¨nh. tks",5,25 thg 2 2023,2024-01-15,SAMSUNG Flagship Store
Tuan T.,M√°y qu√° ƒë·ªânh,5,20 thg 2 2023,2024-01-15,SAMSUNG Flagship Store
HuyÃÄnh H.,h√¨nh ·∫£nh mang t√≠nh ch·∫•t khoe khoang l√† ch√≠nhhhhhhhhhhhhhhh,5,24 thg 2 2023,2024-01-15,SAMSUNG Flagship Store
D≈©ng B.,giao h√†ng si√™u nhah. ahfj jdjfdj jsjdjcj jdjdjjccj jdjdjcj jdjdj,5,19 thg 2 2023,2024-01-15,SAMSUNG Flagship Store
Tr·∫ßn C.,"Giao h√†ng r·∫•t nhanh, ch·∫•t l∆∞·ª£ng s·∫£n ph·∫©m r·∫•t t·ªët. C·∫ßn ti·∫øp t·ª•c ph√°t huy",5,23 thg 2 2023,2024-01-15,SAMSUNG Flagship Store
Th·∫£o N.,"shop giao ƒë√∫ng h·∫πn, m√°y d√πng ·ªïn, m√†u h·ªìng kh√° ƒë·∫πp, mua vs gi√° 20tr5 qu√° h·ªùi",5,27 thg 2 2023,2024-01-15,SAMSUNG Flagship Store
L√™ D.,"Xu·∫•t s·∫Øc, giao h√†ng ƒë√∫ng h·∫πn, ƒë·∫∑t h√†ng t·ª´ 3/2. Lazada r·∫•t uy t√≠n, l·∫°i cho gi·∫£m gi√° tr·ª±c ti·∫øp v√†o s·∫£n ph·∫©m. Lu√¥n ∆∞u ti√™n mua h√†ng Lazada.",5,18 thg 2 2023,2024-01-15,SAMSUNG Flagship Store
V√µ H.,ƒëi·ªán tho·∫°i ƒë·∫πp,5,24 thg 2 2023,2024-01-15,SAMSUNG Flagship Store
Nguy·ªÖn ƒê.,c√≥ voucher gi·∫£m gi√° b·∫£n 256GB c√≤n 22tr tr√≤n. 18.3 ƒë√£ nh·∫≠n h√†ng. giao h√†ng qu√° nhanh. nc l√† tuy·ªát v·ªùi,5,18 thg 2 2023,2024-01-15,SAMSUNG Flagship Store
La D.,h√†ng ch√≠nh h√£ng giao r·∫•t nhanh nh·∫≠n h√†ng ng√†y 18...gi√° qu√° r·∫ª...,5,18 thg 2 2023,2024-01-15,SAMSUNG Flagship Store
*******662,ƒë√£ nh·∫≠n ƒëc h√†ng.gi√° c·∫£ ph√π h·ª£p.giao h√†ng nhanh.m√°y h∆°i to.th√≠ch h·ª£p cho nam gi·ªõi h∆°n.22/2/23,5,22 thg 2 2023,2024-01-15,SAMSUNG Flagship Store
Truong N.,"H√†ng ƒë·∫∑t tr∆∞·ªõc 2 tu·∫ßn giao ƒë√∫ng h·∫πn ng√†y m·ªü b√°n, h√†i l√≤ng nh∆∞ng h∆°i ti·∫øc khi kh√¥ng ƒë∆∞·ª£c t·∫∑ng th√™m ph·ª• ki·ªán g√¨.",5,18 thg 2 2023,2024-01-15,SAMSUNG Flagship Store
PHAN ƒê.,"T√≠nh nƒÉng:Galaxy S23 Ultra 8G RAM 256G ROM

 Ch·∫•t l∆∞·ª£ng:ƒê√∫ng Samsung Vi·ªát Nam 
 ",5,4 ng√†y tr∆∞·ªõc,2024-01-15,SAMSUNG Flagship Store
Amy H.,"Laz v·∫´n l√† ch√¢n √°i. Giao nhanh, ƒë√≥ng g√≥i k·ªπ, h√†nv v·ª´a chu·∫©n v·ª´a r·∫ª ",5,4 tu·∫ßn tr∆∞·ªõc,2024-01-15,SAMSUNG Flagship Store
h·ªìng T.,"sƒÉn ƒë∆∞·ª£c h√¥m 2.2 gi√° 20tr5, 18 nh·∫≠n ƒë∆∞·ª£c h√†ng chu·∫©n nguy√™n seal",5,19 thg 2 2023,2024-01-15,SAMSUNG Flagship Store
tr·∫ßn H.,"Ch·∫•t l∆∞·ª£ng:h·ªôp c√≤n nguy√™n Seal, m√°y m·ªõi ch∆∞a k√≠ch ho·∫°t b·∫£o h√†nh, c√°p s·∫°c ch·ªâ l√† lo·∫°i 25W d√†i 1m, ch·ªâ c√≥ 1 t·ªù 2 trang h∆∞·ªõng d·∫´n s·ª≠ d·ª•ng nhanh, kh√¥ng c√≥ c·ªß s·∫°c. 
ƒë√≥ng g√≥i giao ƒë√∫ng lo·∫°i h√†ng ƒë√£ ƒë·∫∑t mua, vc t·ª´ B·∫Øc v√†o S√†i G√≤n ch·ªâ 3 ng√†y sau ƒë√£ nh·∫≠n ƒë∆∞·ª£c, r·∫•t nhanh. 
ƒê√£ ƒëƒÉng k√Ω nh·∫≠n H√≥a ƒë∆°n VAT mua h√†ng theo t√™n v√† M√£ s·ªë thu·∫ø l√∫c ƒë·∫∑t h√†ng nh∆∞ng kh√¥ng th·∫•y giao b·∫•t c·ª© Gi·∫•y t·ªù g√¨, kh√¥ng bi·∫øt l√∫c n√†o m·ªõi giao ƒë·ªÉ x√°c nh·∫≠n ƒë√£ nh·∫≠n h√†ng ?
mua ·ªü Samsung Flagship Store th·∫•y y√™n t√¢m nhi·ªÅu, ƒëang ch·ªù ƒë∆∞·ª£c k√≠ch ho·∫°t b·∫£o h√†nh v√¨ h√£ng kh√¥ng cho ng∆∞·ªùi mua quy·ªÅn t·ª± k√≠ch ho·∫°t m√°y b·∫±ng imei g·ª≠i 6060.
C·∫£m ∆°n t·∫•t c·∫£...
 ",5,3 ng√†y tr∆∞·ªõc,2024-01-15,SAMSUNG Flagship Store
9***5,"ok. C√≥ seal, ƒëuÃÅng m√¢ÃÉu maÃÄu ƒëen ",5,4 ng√†y tr∆∞·ªõc,2024-01-15,SAMSUNG Flagship Store
Elena L.,"Super fast delivery. It took them just a few days to deliver to Danang. The smartphone packed well, no damages, genuine product for sure! Satisfied with the shop and service, considering great discount! Happy customer üòäüòäüòäI  can recommend them.  ",5,3 ng√†y tr∆∞·ªõc,2024-01-15,SAMSUNG Flagship Store
Tr·∫ßn Q.,"Giao h√†ng nhanh ch√≥ng v√† ƒë√°ng tin c·∫≠y trong n·ªôi th√†nh Vi·ªát Nam., C√¥ng ngh·ªá camera c·ªßa Samsung ch·ª•p ·∫£nh tuy·ªát ƒë·∫πp.,  ",5,3 ng√†y tr∆∞·ªõc,2024-01-15,SAMSUNG Flagship Store
D∆∞∆°ng T.,"m√°y ch√≠nh h√£ng, mua gi√° qu√° r·∫ª so v·ªõi c√° h·ªá th·ªëng b√™n ngo√†i. giao h√†ng nhanh, ƒë√≥ng g√≥i c·∫©n th·∫≠n ",5,3 ng√†y tr∆∞·ªõc,2024-01-15,SAMSUNG Flagship Store
Tr·∫ßn ƒê.,c·∫£ tu·∫ßn r·ªìi nh∆∞ng ch∆∞a th·∫•y k√≠ch ho·∫°t b·∫£o h√†nh ƒëi·ªán t·ª≠. l√¢u qu√° ,5,4 ng√†y tr∆∞·ªõc,2024-01-15,SAMSUNG Flagship Store
L√™ T.,"T√≠nh nƒÉng:m√°y s√†i m∆∞·ª£t kh√¥ng l·ªói l·∫ßm
 Ch·∫•t l∆∞·ª£ng:Build quality t·ªët
m·ªçi th·ª© ho√†n h·∫£o...ƒëang tr·∫£i nghi·ªám th√™m. Hy v·ªçng kh√¥ng c√≥ v·∫•n ƒë·ªÅ ph√°t sinh
H√¨nh ·∫£nh mang t√≠nh ch·∫•t nh·∫≠n xu ",5,4 ng√†y tr∆∞·ªõc,2024-01-15,SAMSUNG Flagship Store
0***4,"Awesome phone, I've only been using the phone for 2 days so far. ",5,6 ng√†y tr∆∞·ªõc,2024-01-15,SAMSUNG Flagship Store
nhan,s·∫£n ph·∫©m r·∫•t tuy·ªát v·ªùi. mua fduojwc gi√° r·∫•t t·ªët so v·ªõi yhij trg. h√†ng ch√≠nh h√£ng SS Vi·ªát Nam lu√¥n ,5,6 ng√†y tr∆∞·ªõc,2024-01-15,SAMSUNG Flagship Store
9***8,"ƒë·∫πp, ch√≠nh h√£ng,  sang tr·ªçng, m√†n h√¨nh r·ªông thu·∫≠n ti·ªán khi s·ª≠ d·ª•ng ",5,5 ng√†y tr∆∞·ªõc,2024-01-15,SAMSUNG Flagship Store
NGUY·ªÑN N.,"Ch·∫•t l∆∞·ª£ng:t·ªët m∆∞·ª£t m√†
 T√≠nh nƒÉng:Kh√¥ng c√≥ g√¨ ph·∫£i ph√†n n√†n v·ªÅ s·∫£n ph·∫©m
 ",5,2 tu·∫ßn tr∆∞·ªõc,2024-01-15,SAMSUNG Flagship Store
H√† V.,"C√¥ng ngh·ªá camera c·ªßa Samsung ch·ª•p ·∫£nh tuy·ªát ƒë·∫πp., T√πy ch·ªçn RAM 8GB/12GB ƒë·∫£m b·∫£o vi·ªác ƒëa nhi·ªám m∆∞·ª£t m√†.,  ",5,6 ng√†y tr∆∞·ªõc,2024-01-15,SAMSUNG Flagship Store
0***6,jfxufjfjdixdjffjdfififfififxfidfidfidfdifdjfdjfjdtdjtdjti ,5,03 thg 11 2023,2024-01-15,SAMSUNG Flagship Store
Nghi√™m A.,Ch·∫•t l∆∞·ª£ng:nguyen seal ,5,04 thg 10 2023,2024-01-15,SAMSUNG Flagship Store
Dung B.,"kh√¥ng k√≠ch ho·∫°t ƒë∆∞·ª£c youtube premium nha shop , khe sim 1 ko nh·∫≠n sim ph·∫£i d√πng khe sim 2  ",5,27 thg 9 2023,2024-01-15,SAMSUNG Flagship Store
Tr√¢ÃÄn T.,"mua tr·∫£ g√≥p b·∫±ng th·∫ª t√≠n d·ª•ng 0%, gi√° 21m c≈©ng kh√° r·∫ª so v·ªõi c√°c shop c√πng th·ªùi ƒëi·ªÉm, mua th√™m care+ cho ƒÉn t√¢m ",5,18 thg 9 2023,2024-01-15,SAMSUNG Flagship Store
Q***n,"ƒê·∫πp , nguy√™n tem m√°c ! Th·∫≠t s·ª± m√™ em n√†y qu√°.. . ch·ª•p ·∫£nh si√™u n√©t nhaü•∞",5,14 thg 6 2023,2024-01-15,SAMSUNG Flagship Store
T***.,"M√°y ƒë·∫πp, c·∫ßm ch·∫Øc tay, nguy√™n seal full box ch∆∞a k√≠ch ho·∫°t lu√¥n üòò",5,03 thg 7 2023,2024-01-15,SAMSUNG Flagship Store
V≈© T.,ok..................ok...........................ok ,5,3 tu·∫ßn tr∆∞·ªõc,2024-01-15,SAMSUNG Flagship Store
Nguy·ªÖn V.,"ok s·∫£n ph·∫©m,shoop uy t√≠n nh∆∞ng c√≥ ƒëi·ªÅu ƒë·∫∑t h√†ng xong ƒë·ªïi qua m√†u kh√°c shoop kh√¥ng chi·ªáu,nh∆∞ng  th√¥i m√†u ƒëen c≈©ng ƒëepj",5,19 thg 3 2023,2024-01-15,SAMSUNG Flagship Store
K***.,"ƒê·∫∑t T·ª´ 3/2 s√°ng 18 ƒë√£ c√≥ m√°y. Nh√¢n vi√™n G√≥i h√†ng r·∫•t ch·∫Øc ch·∫Øn. C√°c b·∫°n t∆∞ v·∫•n r·∫•t nhi·ªát t√¨nh. S·∫ª ti·∫øp t·ª•c ·ªßng h·ªô SamSung. M√°y nƒÉm nay pin, cam ƒë·ªÅu h∆°n h·∫≥n d√≤ng s22ultra.",5,26 thg 2 2023,2024-01-15,SAMSUNG Flagship Store
H***g,"Giao h√†ng nhanh, ƒë√∫ng m·∫´u. G√≥i h√†ng kƒ©, c√≥ t√∫i kh√≠ ch·ªëng s·ªëc.",5,28 thg 2 2023,2024-01-15,SAMSUNG Flagship Store
L***.,"ƒë·∫ßy ƒë·ªß b·∫£o h√†nh v√† care+, gi√° mua ƒë∆∞·ª£c h∆°n 23tr qu√° t·ªët.......",5,06 thg 3 2023,2024-01-15,SAMSUNG Flagship Store
0***5,"h√†ng ch√≠nh h√£ng, giao h√†ng nhanh. ƒê√≥ng g√≥i ƒë·∫ßy ƒë·ªß seal v√† r·∫•t ch·∫Øc ch·∫Øn",5,22 thg 2 2023,2024-01-15,SAMSUNG Flagship Store
Tr·∫ßn ƒê.,"S·∫£n ph·∫©m nh√¨n ƒë·∫πp, c·∫ßm ch·∫Øc tay, m√†n h√¨nh to nh∆∞ng k√≠ch c·ª° t·ªïng kh√¥ng qu√° c·ªìng k·ªÅnh. V·ªÅ c·∫•u h√¨nh th√¨ kh√¥ng c·∫ßn ph·∫£i b√†n r·ªìi, m·∫°nh nh·∫•t hi·ªán t·∫°i. Th√≠ch c√°i m√†u n√†y, l·∫° v√† ƒë·∫πp.",5,01 thg 3 2023,2024-01-15,SAMSUNG Flagship Store
khac L.,ngooooooonnnnnnn,5,24 thg 2 2023,2024-01-15,SAMSUNG Flagship Store
L***.,v·∫´n ch∆∞a dc k√≠ch ho·∫°t b·∫£o h√†nh,5,24 thg 2 2023,2024-01-15,SAMSUNG Flagship Store
T√¥ X.,"giao ƒë√∫ng h·∫πn 18/2. m√°y nguy√™n seal, t·ª± ƒë·ªông k√≠ch b·∫£o h√†nh tuy nhi√™n ch∆∞a th·∫•y k√≠ch ho·∫°t care+
m√°y ƒë·∫πp m∆∞·ª£t m√†, tr·∫£i nghi·ªám mua h√†ng r·∫•t t·ªët. nƒÉm nay ss l√†m t·ªët qu√°",5,27 thg 2 2023,2024-01-15,SAMSUNG Flagship Store
Le Q.,qu√° ƒë·∫πp,5,22 thg 2 2023,2024-01-15,SAMSUNG Flagship Store
Dung N.,S23 ULTRA ƒë√£ nh·∫≠n ƒë∆∞·ª£c h·ªôp m√°y nguy√™n seal. Ch·∫•t l∆∞·ª£ng ƒë·∫£m b·∫£o ch√≠nh h√£ng SS Vi·ªát Nam. ,5,1 ng√†y tr∆∞·ªõc,2024-01-15,SAMSUNG Flagship Store
v√µ T.,M√¨nh kh√° b·∫•t ng·ªù v·ªõi camera c·ªßa s23 ultra. ch·ª•p h√¨nh si√™u n√©t. quay video zoom 10x m√† h·∫ßu nh∆∞ kh√¥ng b·ªã v·ª° n√©t. S·∫Ω ƒë√°nh gi√° th√™m c√°c t√≠nh nƒÉng kh√°c. ,5,1 ng√†y tr∆∞·ªõc,2024-01-15,SAMSUNG Flagship Store
P***.,"T√≠nh nƒÉng:t·ªët, h√†nh ch√≠nh h√£ng
 Ch·∫•t l∆∞·ª£ng:t·ªët
 Ch·∫•t li·ªáu:t√¥t
 ",5,6 ng√†y tr∆∞·ªõc,2024-01-15,SAMSUNG Flagship Store
phan T.,"s·∫£n ph·∫©m ch√≠nh h√£ng. mua ch∆∞a k√≠ch ho·∫°t b·∫£o h√†nh. v√†i ng√†y sau m·ªõi nh·∫≠n ƒë∆∞·ª£c tin nh·∫Øn b·∫£o h√†nh. c√≥ ƒëi·ªán l√™n t·ªïng ƒë√†i samsung h·ªèi c√≥ bi·∫øt c·ª≠a h√†ng samsung flaship store tr√™n lazada ko? t·ªïng ƒë√†i n√≥i bi·∫øt th√¨ m·ªõi y√™n t√¢m. mua h√†ng ch√≠nh h√£ng th√¨ y√™n t√¢m 100%. ch·ª© m√¨nh ko d√°m mua h√†ng x√°ch tay n·ªØa, b·ªã h∆∞ nhi·ªÅu qu√° r·ªìi. ch√≠nh h√£ng l√† ch√¢n √°i. T√πy ch·ªçn RAM 8GB/12GB ƒë·∫£m b·∫£o vi·ªác ƒëa nhi·ªám m∆∞·ª£t m√†.,  ",5,5 ng√†y tr∆∞·ªõc,2024-01-15,SAMSUNG Flagship Store
0***9,"ƒëi·ªán tho·∫°i ƒë·∫πp, nguy√™n serries ch√≠nh h√£ng ",5,21 thg 11 2023,2024-01-15,SAMSUNG Flagship Store
O***a,"–û—Ç–ª–∏—á–Ω—ã–π —Ç–µ–ª–µ—Ñ–æ–Ω. –û—á–µ–Ω—å –±—ã—Å—Ç—Ä–∞—è –¥–æ—Å—Ç–∞–≤–∫–∞, –∑–∞–∫–∞–∑–∞–ª–∞ –≤ –ø–æ–Ω–µ–¥–µ–ª—å–Ω–∏–∫ –≤–µ—á–µ—Ä–æ–º, –≤–æ –≤—Ç–æ—Ä–Ω–∏–∫ —É–∂–µ –ø–æ–ª—É—á–∏–ª–∞.) –£–ø–∞–∫–æ–≤–∞–ª–∏ –ø–æ—Å—ã–ª–∫—É –æ—á–µ–Ω—å —Ö–æ—Ä–æ—à–æ.",5,04 thg 4 2023,2024-01-15,SAMSUNG Flagship Store
9***8,·ªïn trong gi√° ti·ªÅn,5,09 thg 3 2023,2024-01-15,SAMSUNG Flagship Store
Tr·∫ßn G.,"giao h√†ng nhanh, m√°y ƒë·∫πp. H∆°i ti·∫øc v√¨ ƒë·∫∑t ko c√≤n m√†u xanh nh∆∞ng sƒÉn sale v·∫≠y l√† ·ªïn r·ªìi. Mong l√† m√°y lu√¥n nu·ªôt, ko l·ªói ",5,1 tu·∫ßn tr∆∞·ªõc,2024-01-15,SAMSUNG Flagship Store
Nguy·ªÖn T.,OK ·ªïn ,5,4 tu·∫ßn tr∆∞·ªõc,2024-01-15,SAMSUNG Flagship Store
N√¥ B.,t·ªët,5,15 thg 6 2023,2024-01-15,SAMSUNG Flagship Store
Thanh,"S·∫£n ph·∫©m xu·∫•t s·∫Øc : Ch·ª•p h√¨nh ƒë·∫πp, pin l√¢u,, loa nghe hay. D·ªãch v·ª• t·ªët: Giao h√†ng nhanh, k√≠ch ho·∫°t BH sau 3 ng√†y, s·∫£n ph·∫©m m·ªõi n√™n c√≥ nhi·ªÅu khuy·∫øn m√£i ngon.",5,26 thg 2 2023,2024-01-15,SAMSUNG Flagship Store
L√¢m N.,S·∫£n ph·∫©m t·ªët.. Giao h√†ng nhanh. R·∫•t h√†i l√≤ng.,5,19 thg 2 2023,2024-01-15,SAMSUNG Flagship Store
Nguy·ªÖn V.,,5,10 thg 12 2023,2024-01-15,SAMSUNG Flagship Store
T***.,,5,04 thg 3 2023,2024-01-15,SAMSUNG Flagship Store
M·∫°nh N.,,5,25 thg 2 2023,2024-01-15,SAMSUNG Flagship Store
Tr√≠ T.,,5,22 thg 2 2023,2024-01-15,SAMSUNG Flagship Store
Gilbert K.,,5,21 thg 2 2023,2024-01-15,SAMSUNG Flagship Store
Tr·∫ßn H.,,5,06 thg 3 2023,2024-01-15,SAMSUNG Flagship Store
truongvansoi,,5,20 thg 2 2023,2024-01-15,SAMSUNG Flagship Store
Phan H.,,5,21 thg 2 2023,2024-01-15,SAMSUNG Flagship Store
T√†i H.,,5,19 thg 2 2023,2024-01-15,SAMSUNG Flagship Store
Long L.,,5,18 thg 2 2023,2024-01-15,SAMSUNG Flagship Store
Mai K.,,5,17 thg 3 2023,2024-01-15,SAMSUNG Flagship Store
H***.,,5,18 thg 2 2023,2024-01-15,SAMSUNG Flagship Store
Nguy·ªÖn M.,,5,25 thg 2 2023,2024-01-15,SAMSUNG Flagship Store
nguy·ªÖn S.,,5,1 ng√†y tr∆∞·ªõc,2024-01-15,SAMSUNG Flagship Store
9***9,,5,13 gi·ªù tr∆∞·ªõc,2024-01-15,SAMSUNG Flagship Store
N∆∞·ªõc M.,,5,4 ng√†y tr∆∞·ªõc,2024-01-15,SAMSUNG Flagship Store
0***6,,5,5 ng√†y tr∆∞·ªõc,2024-01-15,SAMSUNG Flagship Store
Xu B.,,5,6 ng√†y tr∆∞·ªõc,2024-01-15,SAMSUNG Flagship Store
Thieu L.,,5,6 ng√†y tr∆∞·ªõc,2024-01-15,SAMSUNG Flagship Store
Tr·∫ßn T.,,5,6 ng√†y tr∆∞·ªõc,2024-01-15,SAMSUNG Flagship Store
0***4,,5,4 ng√†y tr∆∞·ªõc,2024-01-15,SAMSUNG Flagship Store
0***1,,5,6 ng√†y tr∆∞·ªõc,2024-01-15,SAMSUNG Flagship Store
nguy·ªÖn S.,,5,1 tu·∫ßn tr∆∞·ªõc,2024-01-15,SAMSUNG Flagship Store
nguy·ªÖn S.,,5,1 tu·∫ßn tr∆∞·ªõc,2024-01-15,SAMSUNG Flagship Store
M√¨nh G.,,5,1 tu·∫ßn tr∆∞·ªõc,2024-01-15,SAMSUNG Flagship Store
L√™ T.,,5,7 ng√†y tr∆∞·ªõc,2024-01-15,SAMSUNG Flagship Store
Tr·∫ßn V.,,5,1 tu·∫ßn tr∆∞·ªõc,2024-01-15,SAMSUNG Flagship Store
Tr·∫ßn V.,,5,1 tu·∫ßn tr∆∞·ªõc,2024-01-15,SAMSUNG Flagship Store
Ng√¥ K.,,5,3 tu·∫ßn tr∆∞·ªõc,2024-01-15,SAMSUNG Flagship Store
Le T.,,5,3 tu·∫ßn tr∆∞·ªõc,2024-01-15,SAMSUNG Flagship Store
Huiynh M.,,5,15 thg 12 2023,2024-01-15,SAMSUNG Flagship Store
Chung M.,,5,14 thg 12 2023,2024-01-15,SAMSUNG Flagship Store
nguy·ªÖn S.,,5,14 thg 12 2023,2024-01-15,SAMSUNG Flagship Store
Giang G.,,5,13 thg 12 2023,2024-01-15,SAMSUNG Flagship Store
Thi T.,,5,15 thg 12 2023,2024-01-15,SAMSUNG Flagship Store
B√πi,,5,3 tu·∫ßn tr∆∞·ªõc,2024-01-15,SAMSUNG Flagship Store
Gleb P.,,5,06 thg 12 2023,2024-01-15,SAMSUNG Flagship Store
Tr·∫ßn T.,,5,27 thg 11 2023,2024-01-15,SAMSUNG Flagship Store
Nguy·ªÖn H.,,5,25 thg 11 2023,2024-01-15,SAMSUNG Flagship Store
Tr∆∞∆°ng M.,,5,14 thg 11 2023,2024-01-15,SAMSUNG Flagship Store
V√µ T.,,5,12 thg 10 2023,2024-01-15,SAMSUNG Flagship Store
Tr·∫ßn K.,,5,14 thg 10 2023,2024-01-15,SAMSUNG Flagship Store
*******910,,5,27 thg 9 2023,2024-01-15,SAMSUNG Flagship Store
Ngo T.,,5,29 thg 9 2023,2024-01-15,SAMSUNG Flagship Store
0***5,,5,13 thg 9 2023,2024-01-15,SAMSUNG Flagship Store
Le T.,,5,29 thg 8 2023,2024-01-15,SAMSUNG Flagship Store
Galyna,,5,30 thg 6 2023,2024-01-15,SAMSUNG Flagship Store
Duy C.,,5,30 thg 6 2023,2024-01-15,SAMSUNG Flagship Store
M***.,,5,24 thg 4 2023,2024-01-15,SAMSUNG Flagship Store
catscase.sg,,5,13 thg 4 2023,2024-01-15,SAMSUNG Flagship Store
Nguy·ªÖn N.,,5,09 thg 3 2023,2024-01-15,SAMSUNG Flagship Store
Nguy·ªÖn X.,,5,12 thg 3 2023,2024-01-15,SAMSUNG Flagship Store
0***8,,5,05 thg 3 2023,2024-01-15,SAMSUNG Flagship Store
V≈© M.,"giao h√†ng ch·∫≠m, h·∫πn 18/2 giao m√† t·ªõi 24/m·ªõi giao.",4,05 thg 3 2023,2024-01-15,SAMSUNG Flagship Store
Nguy·ªÖn L.,"H√†ng full box nguy√™n seal, mua ƒë∆∞·ª£c gi√° t·ªët, m√°y ƒë·∫πp v√† d·ªÖ s·ª≠ d·ª•ng. Tuy nhi√™n pin t·ª•t h∆°i nhanh, h∆°i bu·ªìn v√¨ kh√∫c n√†y. Shop h·ªó tr·ª£ tr·∫£ l·ªùi nhanh nh∆∞ng ƒë∆°n ƒë·∫∑t xong m√£ v·∫≠n ƒë∆°n ko tra c·ª©u ƒë∆∞·ª£c. H·ªèi shop shop ko bi·∫øt, h·ªèi lazada c≈©ng k bi·∫øt. ƒê∆°n h√†ng gi√° tr·ªã l·ªõn nh∆∞ng theo d√µi giao h√†ng k√©m. Trong khi ch·ªù ki·ªán c√°o th√¨ b√™n ƒëvvc ƒë√£ ch·ªß ƒë·ªông li√™n h·ªá l·∫°i v√† giao cho m√¨nh ƒë∆°n l√∫c 9h t·ªëi v√¨ m√¨nh ƒë·∫∑t ship ho·∫£ t·ªëc.

*M√¨nh ƒë√£ mua h√†ng ƒë∆∞·ª£c 10 ng√†y v√† h·ªèi shop nhi·ªÅu l·∫ßn v·ªÅ th√¥ng tin v√† th·ªùi h·∫°n BH, t·ªõi nay dt c·ªßa m√¨nh v·∫´n ch∆∞a ƒë∆∞·ª£c k√≠ch ho·∫°t. m√¨nh c≈©ng ko th·ªÉ t·ª± k√≠ch ho·∫°t ƒë∆∞·ª£c do t·ª± dky th√¨ h·ªá th·ªëng l·∫°i b√°o ƒët c·ªßa m√¨nh ƒë∆∞·ª£c k√≠ch ho·∫°t r·ªìi. c·ª±c k·ª≥ phi·ªÅn.  ",4,2 tu·∫ßn tr∆∞·ªõc,2024-01-15,SAMSUNG Flagship Store
n***n,"Giao r·∫•t ch·∫≠m, ƒë·∫∑t t·ª´ 2.2 m√† t·∫≠n 23 m·ªõi c√≥ m√°y, trong khi ngta ƒë·∫∑t sau th√¨ c√≥ m√°y t·ª´ s√°ng 18 h·∫øt r·ªìi.
Ch·∫•t l∆∞·ª£ng m√°y t·ªët, c·∫ßm r·∫•t ph√™, d√πng m∆∞·ª£t, pin kh·ªèe.",4,26 thg 2 2023,2024-01-15,SAMSUNG Flagship Store
B***.,"s·∫£n ph·∫©m nguy√™n seal nh∆∞mg giao h√†ng qu√° ch·∫≠m, ƒë·∫∑t c√πng n√†y v·ªõi nhi·ªÅu sp oversea h√†ng oversea ƒë√£ nh·∫≠n ƒë∆∞·ª£c h·∫øt m√† h√†ng t·∫°i Vi·ªát nam v·∫´n ch∆∞a nh·∫≠n ƒëc. ",4,18 thg 11 2023,2024-01-15,SAMSUNG Flagship Store
H√† V.,ƒë·∫∑t mua h√†ng th√¨ b√°o l√† ƒë∆∞·ª£c t·∫∑ng care+. nh·∫≠n h√†ng xong th√¨ b√°o sau 14 ng√†y t·ª± k√≠ch ho·∫°t care+. nay sau 15 ng√†y sau bao l·∫ßn ch√°t h·ªèi th√¨ nay ch·ªëi tr√°ch nhi·ªám l√† kh√¥ng c√≥ care+. Xin ch·ª´a ƒë·∫øn gi√†!!!,1,01 thg 4 2023,2024-01-15,SAMSUNG Flagship Store
Nguy·ªÖn M.,Cho 2 sao v√¨ l√∫c mua c√≥ qu√† 4 th√°ng s√†i youtube ko qu·∫£ng c√°o nh∆∞ng mua v·ªÅ ƒë·∫øn bh k√≠ch ho·∫°t b·∫£o h√†nh r·ªìi v·∫´n ko th·∫•y ƒë√¢u ,2,08 thg 12 2023,2024-01-15,SAMSUNG Flagship Store
H√† V.,ƒë·∫∑t mua h√†ng th√¨ b√°o l√† ƒë∆∞·ª£c t·∫∑ng care+. nh·∫≠n h√†ng xong th√¨ b√°o sau 14 ng√†y t·ª± k√≠ch ho·∫°t care+. nay sau 15 ng√†y sau bao l·∫ßn ch√°t h·ªèi th√¨ nay ch·ªëi tr√°ch nhi·ªám l√† kh√¥ng c√≥ care+. Xin ch·ª´a ƒë·∫øn gi√†!!!,1,01 thg 4 2023,2024-01-15,Samsung Store
H***.,C·∫ßm n·∫∑ng tay qu√° =]] ,5,15 thg 12 2023,2024-01-15,Samsung Store
N***.,"T√≠nh nƒÉng:m∆∞·ª£t m√†, b·∫£o v·ªá v√† t·∫≠n d·ª•ng pin t·ªët

 Ch·∫•t l∆∞·ª£ng:t·ªët 

h√†ng ƒë·∫øn nhanh h∆°n t∆∞·ªüng t∆∞·ª£ng, m·∫•t c√≥ v√†i ng√†y
c·∫ßm ch·∫Øc tay v√† kh√¥ng b·ªã c·ªôm ",5,27 thg 10 2023,2024-01-15,Samsung Store
R***.,mua l√∫c sale n√™n gi√° ok................................. ,5,2 ng√†y tr∆∞·ªõc,2024-01-15,Samsung Store
Ph·∫°m P.,,5,4 tu·∫ßn tr∆∞·ªõc,2024-01-15,Samsung Store
ƒê√†o V.,,5,4 tu·∫ßn tr∆∞·ªõc,2024-01-15,Samsung Store
Cuong N.,,5,4 tu·∫ßn tr∆∞·ªõc,2024-01-15,Samsung Store
C∆∞∆°ng N.,,5,4 tu·∫ßn tr∆∞·ªõc,2024-01-15,Samsung Store
Th√†nh N.,,5,4 tu·∫ßn tr∆∞·ªõc,2024-01-15,Samsung Store
soulbder,,5,4 tu·∫ßn tr∆∞·ªõc,2024-01-15,Samsung Store
LINH T.,,5,4 tu·∫ßn tr∆∞·ªõc,2024-01-15,Samsung Store
8***5,,5,14 thg 12 2023,2024-01-15,Samsung Store
An T.,,5,24 thg 11 2023,2024-01-15,Samsung Store
0***1,,5,24 thg 11 2023,2024-01-15,Samsung Store
ËåÉÊ∏ÖÊ∏Ö,,5,23 thg 11 2023,2024-01-15,Samsung Store
0***0,,5,17 thg 11 2023,2024-01-15,Samsung Store
ƒê·∫∑ng H.,,5,21 thg 3 2023,2024-01-15,Samsung Store
Tr√∫c L.,,5,07 thg 3 2023,2024-01-15,Samsung Store
Le T.,,5,3 tu·∫ßn tr∆∞·ªõc,2024-01-15,Samsung Store
Phongƒê·∫πpTraiƒê·∫ßuƒêinhHaiM√°i,,5,2 tu·∫ßn tr∆∞·ªõc,2024-01-15,Samsung Store
Nguy·ªÖn T.,sp t·ªët. nh∆∞ng time ch·ªù g·ª≠i h√†ng qu√° l√¢u. sp ch∆∞a ƒë·∫øn tay ƒë√£ b√°o giao h√†ng th√†nh c√¥ng t·ª´ h√¥m tr∆∞·ªõc ,3,3 tu·∫ßn tr∆∞·ªõc,2024-01-15,SAMSUNG PREMIUM STORE
0***6,"this is not an honest seller, she took the charg
er from me and now I have nothing to charge my smartphone withshe forced the carrier to open the box and take out the charger from there, they argued with her for a long time and in the end I gave her the charger, although the smartphone comes with a charger from the factory ",1,3 ng√†y tr∆∞·ªõc,2024-01-15,FPT SHOP
Hi·ªÅn N.,"shop giao h√†ng trong v√†i ti·∫øng r·∫•t nhanh, ƒë√≥ng g√≥i c·∫©n th·∫≠n, uy t√≠n, nhi·ªát t√¨nh, b·∫£o h√†nh r√µ r√†ng.",5,16 thg 7 2023,2024-01-15,FPT SHOP
Hi·ªÅn N.,"shop giao h√†ng trong v√†i ti·∫øng r·∫•t nhanh, ƒë√≥ng g√≥i c·∫©n th·∫≠n, uy t√≠n, nhi·ªát t√¨nh, b·∫£o h√†nh r√µ r√†ng.",5,16 thg 7 2023,2024-01-15,FPT SHOP
Hi·ªÅn N.,"shop giao h√†ng trong v√†i ti·∫øng r·∫•t nhanh, ƒë√≥ng g√≥i c·∫©n th·∫≠n, uy t√≠n, nhi·ªát t√¨nh, b·∫£o h√†nh r√µ r√†ng.",5,16 thg 7 2023,2024-01-15,FPT SHOP
9***4,"Mua tr√™n c·ª≠a h√†ng n√†y s·∫Ω ƒë·∫Øt h∆°n khi mua ·ªü c·ª≠a h√†ng Samsung ch√≠nh h√£ng. M·ªçi ng∆∞·ªùi n·∫øu mu·ªën mua Sp c·ªßa Samsung th√¨ t·∫£i app Samsung v·ªÅ ƒë·ªÉ t√¨m khuy·∫øn m√£i tr·ª±c ti·∫øp t·ª´ Samsung lu√¥n nh√©. B·∫°n m√¨nh mua c√°i m√°y n√†y g·∫ßn 19,500,000‚Ç´. ",1,18 thg 7 2023,2024-01-15,NGUY·ªÑN KIM
Nguyen M.,"Nguy√™n seal, giao h√†ng nhanh kinh kh·ªßng, gi√° t·ªët. N√≥i t√≥m l·∫°i l√† 10 ƒëi·ªÉm",5,14 thg 7 2023,2024-01-15,NGUY·ªÑN KIM
Nguyen L.,H√†ng nguy√™n seal,5,05 thg 7 2023,2024-01-15,NGUY·ªÑN KIM
B***.,"Giao h√†ng qu√° nhanh, s√°ng mua chi·ªÅu giao. S·∫£n ph·∫©m m·ªõi 100% k√≠ch ho·∫°t BHDT.",5,15 thg 7 2023,2024-01-15,NGUY·ªÑN KIM
ƒë***.,ƒë·∫πp v√† nh·∫π,5,26 thg 6 2023,2024-01-15,NGUY·ªÑN KIM
B√ôI N.,Giao nhanh,5,01 thg 7 2023,2024-01-15,NGUY·ªÑN KIM
Quang,"Giao h√†ng qu√° nhanh, tr∆∞a ƒë·∫∑t chi·ªÅu giao. M√°y nguy√™n seal, ch∆∞a k√≠ch b·∫£o h√†nh. D·ªãch v·ª• t·ªët!",5,24 thg 6 2023,2024-01-15,NGUY·ªÑN KIM
*******883,h√†ng ok,5,15 thg 7 2023,2024-01-15,NGUY·ªÑN KIM
*******883,h√†ng ok,5,15 thg 7 2023,2024-01-15,NGUY·ªÑN KIM
L√Ω T.,Tuy·ªát,5,15 thg 7 2023,2024-01-15,NGUY·ªÑN KIM
L√Ω T.,H√†ng chu·∫©n nv h·ªï tr·ª£ r·∫•t nhanh,5,19 thg 7 2023,2024-01-15,NGUY·ªÑN KIM
L√Ω T.,Ok,5,15 thg 7 2023,2024-01-15,NGUY·ªÑN KIM
Tr·∫ßn T.,"Shop giao h√†ng r·∫•t nhanh. Si√™u t·ªëc ƒë·ªô. S·∫£n ph·∫©m ok.
SƒÉn sale gi√° t·ªët",5,20 thg 7 2023,2024-01-15,NGUY·ªÑN KIM
7***3,h√†ng nguy√™n seall.mua ƒë∆∞·ª£c gi√° qu√° √™m.thank shol,5,01 thg 7 2023,2024-01-15,NGUY·ªÑN KIM
nguy·ªÖn M.,"NK giao h√†ng kh√° nhanh, h√†ng nguy√™n seal, gi√° t·ªët k√≠ch ho·∫°t bh ch√≠nh h√£ng t·ª´ Samsung, m√°y ƒë·∫πp.",5,11 thg 6 2023,2024-01-15,NGUY·ªÑN KIM
Ng·ªçc M.,hang chu·∫©n nguy√™n seal,5,17 thg 7 2023,2024-01-15,NGUY·ªÑN KIM
GMA D.,R·∫•t chu·∫©n v√† h·ªó tr·ª£ kh√°ch t·ªët,5,26 thg 6 2023,2024-01-15,NGUY·ªÑN KIM
L√Ω T.,Okok,5,20 thg 7 2023,2024-01-15,NGUY·ªÑN KIM
Mi V.,S·∫£n ph·∫©m tuy·ªát v·ªùi,5,22 thg 7 2023,2024-01-15,NGUY·ªÑN KIM
Nguy·ªÖn T.,h√†ng ƒë·∫πp nguy√™n seal,5,16 thg 7 2023,2024-01-15,NGUY·ªÑN KIM
Nguy·ªÖn T.,h√†ng chu·∫©n,5,16 thg 7 2023,2024-01-15,NGUY·ªÑN KIM
linh,"Giao h√†ng nhanh, c√≥ ƒëi·ªÅu m√¨nh ch∆∞a m·ªü m√°y th√¨ shop ƒë√£ t·ª± k√≠ch ho·∫°t b·∫£o h√†nh n√™n h∆°i lo. Hi v·ªçng h√†ng chu·∫©n. ",5,24 thg 8 2023,2024-01-15,NGUY·ªÑN KIM
*******883,r·∫•t oki lun,5,24 thg 7 2023,2024-01-15,NGUY·ªÑN KIM
P***.,Nv giao h√†ng r·∫•t nhi·ªát t√¨nh,5,25 thg 6 2023,2024-01-15,NGUY·ªÑN KIM
7***7,Giao nh·∫≠n r·∫•t t·ªët,5,25 thg 6 2023,2024-01-15,NGUY·ªÑN KIM
*******883,okok l·∫Øm,5,16 thg 7 2023,2024-01-15,NGUY·ªÑN KIM
Hanh,R·∫•t t·ªët,5,25 thg 7 2023,2024-01-15,NGUY·ªÑN KIM
3***7,,5,17 thg 7 2023,2024-01-15,NGUY·ªÑN KIM
Ph∆∞·ª£ng K.,,5,30 thg 6 2023,2024-01-15,NGUY·ªÑN KIM
0***1,,5,07 thg 7 2023,2024-01-15,NGUY·ªÑN KIM
3***7,,5,28 thg 6 2023,2024-01-15,NGUY·ªÑN KIM
9***1,,5,24 thg 6 2023,2024-01-15,NGUY·ªÑN KIM
3***7,,5,12 thg 6 2023,2024-01-15,NGUY·ªÑN KIM
Thoa T.,,5,20 thg 5 2023,2024-01-15,NGUY·ªÑN KIM
8***9,,5,01 thg 8 2023,2024-01-15,NGUY·ªÑN KIM
Phung P.,,5,21 thg 7 2023,2024-01-15,NGUY·ªÑN KIM
B√πi T.,,5,25 thg 7 2023,2024-01-15,NGUY·ªÑN KIM
My N.,,5,27 thg 7 2023,2024-01-15,NGUY·ªÑN KIM
Thanh,,5,25 thg 7 2023,2024-01-15,NGUY·ªÑN KIM
Phung P.,,5,21 thg 7 2023,2024-01-15,NGUY·ªÑN KIM
Ng√¥ M.,,5,30 thg 7 2023,2024-01-15,NGUY·ªÑN KIM
Nguy·ªÖn Q.,,5,27 thg 7 2023,2024-01-15,NGUY·ªÑN KIM
Q***.,ch·∫•t l∆∞·ª£ng ok NH∆ØNG m√¨nh ƒë·ªÅ G√≥p √ù Nk L√† khi kh√°ch ·∫•n nh·∫≠n h√†ng m·ªõi k√≠ch BH v√¨ m√°y m√¨nh h·∫πn nh·∫≠n m√† l·∫°i k√≠ch BH tr∆∞·ªõc. l·ª° m√¨nh kh√¥ng nh·∫≠n hay l√† nh·∫≠n r·ªìi ƒë·ªïi √Ω tr·∫£ h√†ng th√¨ m√°y ƒë√£ k√≠ch r·ªìi bi·∫øt c√≥ tr·∫£ ƒë∆∞·ª£c kh√¥ng.,1,19 thg 7 2023,2024-01-15,NGUY·ªÑN KIM
0***1,M√°y k√≠ch ho·∫°t b·∫£o h√†nh ƒëi·ªán t·ª≠ 3 ng√†y tr∆∞·ªõc khi nh·∫≠n. ·∫¢nh h∆∞·ªüng quy·ªÅn l·ª£i kh√°ch h√†ng,1,17 thg 7 2023,2024-01-15,HAPPY PHONE
ƒë·∫∑ng S.,"T√≠nh nƒÉng:m∆∞·ª£t m√† 
 Ch·∫•t l∆∞·ª£ng:tuy·ªát v·ªùi
 Ch·∫•t li·ªáu:b·ªÅn b·ªâ 
s·ª≠ d·ª•ng t·ªët mua ƒë·ª£t sƒÉn sale n√™n gi√° t·ªët mua v·ªÅ ƒëi·ªán tho·∫°i c√≤n ch∆∞a k√≠ch ho·∫°t b·∫£o h√†nh n√™n ƒë∆∞·ª£c b·∫£o h√†nh full kh√¥ng s·ª£ thi·∫øu ng√†y
shop t∆∞ v·∫•n nhi·ªát t√¨nh m·ªói t·ªôi ƒë∆°n v·ªã v·∫≠n chuy·ªÉn h∆°i l√¢u ",5,30 thg 10 2023,2024-01-15,HAPPY PHONE
N***.,shop r·∫•t nhi·ªát t√¨nh. H√†ng ƒë·∫πp ƒë·ªß qu√†,5,08 thg 7 2023,2024-01-15,HAPPY PHONE
******482,"ƒêi·ªán tho·∫°i ch·∫•t l∆∞·ª£ng ok, ƒë√£ k√≠ch ho·∫°t b·∫£o h√†nh trc 1 tu·∫ßn, gi√° ∆∞u ƒë√£i so v·ªõi th·ªã tr∆∞·ªùng.",5,07 thg 7 2023,2024-01-15,HAPPY PHONE
L√™ V.,"Giao h√†ng c·ª±c nhanh, ƒëi·ªán tho·∫°i nguy√™n seal",5,07 thg 6 2023,2024-01-15,HAPPY PHONE
Bin L.,"H√†ng ch√≠nh h√£ng, ƒë√≥ng g√≥i k·ªπ v√† gi√° r·∫ª",5,09 thg 5 2023,2024-01-15,HAPPY PHONE
*******226,"ok, ƒë√∫ng h√†ng ch√≠nh h√£ng ssvn..........................",5,03 thg 5 2023,2024-01-15,HAPPY PHONE
*******222,"h√†ng nguy√™n sale, m·ªõi, ch√≠nh h√£ng. ·ªßng h·ªô shop l√†m ƒÉn √∫y t√≠n. ƒë√∫ng m√¥ t·∫£ lu√¥n",5,03 thg 7 2023,2024-01-15,HAPPY PHONE
Duy,"ƒê√≥ng g√≥i c·∫©n th·∫≠n
M√°y chu·∫©n ch√≠nh h√£ng Vi·ªát Nam",5,17 thg 6 2023,2024-01-15,HAPPY PHONE
Nam P.,"ƒê√£ nh·∫≠n h√†ng ƒë·∫ßy ƒë·ªß m√°y nguy√™n seal, tuy nhi√™n m√°y ƒë√£ k√≠ch b·∫£o h√†nh t·ª´ 26/06/2023, nh∆∞ng gi√° n√†y ƒë√£ qu√° t·ªët r·ªìi, c·∫£m ∆°n shop",5,19 thg 7 2023,2024-01-15,HAPPY PHONE
N***.,"H√†ng nguy√™n seal, si√™u ƒë·∫πp v√† m∆∞·ª£t m√†. Ch·ªâ c√≥ ƒëi·ªÅu shop ƒëoang h√†ng h∆°i l√¢u",5,18 thg 7 2023,2024-01-15,HAPPY PHONE
trong Q.,"h√†ng m·ªõi full box, ch√≠nh h√£ng, k√≠ch ho·∫°t tr∆∞·ªõc c√≥ 3 ng√†y th√¥i",5,01 thg 7 2023,2024-01-15,HAPPY PHONE
Tan N.,"h√†ng ch√≠nh h√£ng, nguy√™n seal, check b·∫£o h√†nh ngon l√†nh. c√≥ t·∫∑ng th√™m s·∫°c 45w n·ªØa, combo ngon gi√° t·ªët.
ko c√≥ g√¨ ch√™ lu√¥n.",5,05 thg 7 2023,2024-01-15,HAPPY PHONE
M***.,"#done samsung and iporn
c√≥ ti·ªÅn ƒÉn cua r·ªìi , ƒëa t·∫° anh em‚ù§Ô∏è‚ù§Ô∏èjjs",5,01 thg 7 2023,2024-01-15,HAPPY PHONE
Ph·∫°m P.,ƒëi·ªán tho·∫°i nguy√™n seal. m·ªõi ch·ªâ k√≠ch ho·∫°t 1 tu·∫ßn. gi√° t√¥t. n√™n mua,5,19 thg 6 2023,2024-01-15,HAPPY PHONE
V≈© M.,"M√°y d√πng r·∫•t t·ªët, k c√≥ l·ªói nh·ªè nh·∫∑t n√†o, ncl uy t√≠n lu√¥n s·∫Ω c√≤n ·ªßng h·ªô",5,23 thg 6 2023,2024-01-15,HAPPY PHONE
T***.,Nh·∫≠n h√†ng kh√¥ng c√≥ ƒë·ªìng ki·ªÉm h∆°i h·ªìi h·ªôp nh∆∞ng h√†ng nh·∫≠n ƒëc nguy√™n h·ªôp. BƒÉng d√≠nh ni√™m phong c√≥ in ch·ªØ happy phone n√™n c≈©ng y√™n t√¢m ph·∫ßn n√†o. 5 sao cho shop.,5,15 thg 6 2023,2024-01-15,HAPPY PHONE
Ph√¢n L.,"H√†ng chu·∫©n , nguy√™n zin , c√≥ c√°i l√† b√™n shop ƒë√≥ng g√≥i h∆°i l√¢u , m√¨nh c√≥ nh·ªù giao s·ªõm r·ªìi m√† 3 ng√†y sau ƒë·∫∑t m·ªõi ƒë√≥ng g√≥i h√†ng xong",5,16 thg 6 2023,2024-01-15,HAPPY PHONE
D∆∞∆°ng M.,"m√°y ch√≠nh h√£ng nguy√™n seal, m·ªü l√™n ngu·ªìn.
shop giao thi·∫øu c·ªß s·∫°c v√† nh·ªù m√¨nh tr·∫£ th√™m ti·ªÅn ship ƒë·ªÉ shop giao l·∫°i ü§îü§îü§î",5,19 thg 6 2023,2024-01-15,HAPPY PHONE
Tr·∫ßn T.,"ƒë√£ nh·∫≠n h√†ng, ƒë√≥ng g√≥i c·∫©n th·∫≠n, v·∫≠n chuy·ªÉn kh√¥ng m√≥p m√©o, shipper giao h√†ng ƒë√∫ng gi√≤ nhi·ªát tinh,  ƒêT m·ªõi nghuy√™n seal ch∆∞a k√≠ch ho·∫°t b·∫£o h√†nh, ƒëang nh·ªù ahops k√≠ch ho·∫°t ƒë·ªÉ ki·ªÉm tra th√™m  th√¥ng tin tr√™n m√°y.
 Ch·∫•t l∆∞·ª£ng:h√†ng ƒë√∫ng ch√≠nh h√£ng, ch·∫•t l∆∞·ª£ng ƒë·∫øn nay t·ªët. g·ª≠i shop 5 sao ",5,07 thg 9 2023,2024-01-15,HAPPY PHONE
M***.,"tr·ª´ vi·ªác ƒëi·ªán tho·∫°i ƒë√£ ƒë∆∞·ª£c k√≠ch ho·∫°t b·∫£o h√†nh t·ª´ 2 th√°ng tr∆∞·ªõc ra th√¨ ƒëi·ªán tho·∫°i v√¥ c√πng ch·∫•t l∆∞·ª£ng, ƒë√°ng ƒë·ªÉ mua, sƒÉn sale n√™n gi√° r·∫ª h∆°n b√¨nh th∆∞·ªùng r·∫•t nhi·ªÅu",5,14 thg 8 2023,2024-01-15,HAPPY PHONE
H***m,"Giao h√†ng nhanh, ƒë√≥ng g√≥i c·∫©n th·∫≠n. H√†ng m·ªõi nguy√™n seal tuy nhi√™n ƒë√£ k√≠ch ho·∫°t b·∫£o h√†nh h∆°n 1 th√°ng.",5,15 thg 8 2023,2024-01-15,HAPPY PHONE
Ph·∫°m T.,h√†ng ch√≠nh h√£ng. ƒë√£ k√≠ch ho·∫°t b·∫£o h√†nh tr∆∞·ªõc 3 tu·∫ßn. m√¨nh mua ƒëc gi√° flash sale gi√° r·∫•t r·∫ª,5,27 thg 7 2023,2024-01-15,HAPPY PHONE
9***1,"H√†ng ch√≠nh h√£nh, shop uy t√≠n ship nhanh.",5,12 thg 6 2023,2024-01-15,HAPPY PHONE
H√† L.,"S·∫£n ph·∫©m nguy√™n seal, b·∫£o h√†nh ch√≠nh h√£ng. Hi·ªán t·∫°i c√°c ch·ª©c nƒÉng ch∆∞a l·ªói g√¨",5,11 thg 6 2023,2024-01-15,HAPPY PHONE
N***.,m√°y ok nh∆∞ng b·ªã k√≠ch hoat trc g·∫ßn 1 th√°ng,5,09 thg 7 2023,2024-01-15,HAPPY PHONE
Jamie M.,"Great phone, quick delivery. Definitely needs a case. The pen is really good for taking notes and annotating things. Very happy.",5,11 thg 7 2023,2024-01-15,HAPPY PHONE
ƒê·ªó T.,ƒëi√™ j tho·∫°i ƒë·∫πp. tem ti·∫øc imaei b·∫£o h√†nh chu·∫©n ch·ªâ. nh√¢n vi√™n t∆∞ v·∫•n. h·ªó tr·ª£ nhi·ªát t√¨nh,5,06 thg 7 2023,2024-01-15,HAPPY PHONE
Tr·∫ßn T.,"H√¨nh th·ª©c ƒë·∫πp, kh√¥ng c√≥ l·ªói trong qu√° tr√¨nh s·ª≠ d·ª•ng. ƒë√≥ng g√≥i c·∫©n th·∫≠n.",5,11 thg 7 2023,2024-01-15,HAPPY PHONE
Nguy·ªÖn T.,"h√†ng nguy√™n seal, b·ªçc g√≥i c·∫©n th·∫≠n,",5,04 thg 5 2023,2024-01-15,HAPPY PHONE
*******683,Samsung d√πng ok ,5,08 thg 10 2023,2024-01-15,HAPPY PHONE
Truc N.,ƒët ch√≠nh h√£ng. m·ªõi 100%  s·ª≠ d·ª•ng g·∫ßn th√°ng th·∫•y th·∫•y ·ªïn ƒë·ªãnh. pin s√†i c·∫£ ng√†y tho·∫£i m√°i. d√πng quen s10+ gi·ªù s23 ult th·∫•y h∆°i n·∫∑ng üòÇ ,5,07 thg 11 2023,2024-01-15,HAPPY PHONE
0***9,h√†ng nguy√™n seal ch√≠nh h√£ng. gi√° t·ªët,5,30 thg 6 2023,2024-01-15,HAPPY PHONE
L√™ T.,Ok. Kick bh tr∆∞·ªõc khi nh·∫≠n m√°y,5,17 thg 7 2023,2024-01-15,HAPPY PHONE
Nguy·ªÖn V.,"S·∫£n ph·∫©m nguy√™n h·ªôp, ch√≠nh h√£ng, good",5,17 thg 6 2023,2024-01-15,HAPPY PHONE
T***.,"ƒëi·ªán tho·∫°i ƒë·∫πp, ch√≠nh h√£ng, h·ªôp nguy√™n seal, ƒë√≥ng g√≥i c·∫©n th·∫≠n",5,17 thg 6 2023,2024-01-15,HAPPY PHONE
Utimate A.,M√°y new 100% ho√†n to√†n nh∆∞ng ƒë√£ k√≠ch ho·∫°t b·∫£o h√†nh tr∆∞·ªõc 02 th√°ng r√πi,5,15 thg 8 2023,2024-01-15,HAPPY PHONE
*******848,"Nguy√™n seal, nh∆∞ng tr√¥i m·∫•t 1 th√°ng r∆∞·ª°i b·∫£o h√†nh. :( ",5,23 thg 8 2023,2024-01-15,HAPPY PHONE
Di·ªáu H.,Ch√≠nh h√£ng. S·ª≠ d·ª•ng t·ªët. New. Fullbox,5,15 thg 8 2023,2024-01-15,HAPPY PHONE
Tr∆∞∆°ng Q.,"M√°y m·ªõi, ch·∫•t l∆∞·ª£ng",5,14 thg 8 2023,2024-01-15,HAPPY PHONE
ƒê√†o T.,m√°y nguy√™n seal chu·∫©n VN,5,12 thg 6 2023,2024-01-15,HAPPY PHONE
Th√†nh T.,Ch·∫•t l∆∞·ª£ng:,5,12 thg 6 2023,2024-01-15,HAPPY PHONE
Ph·∫°m H.,qu√° ƒë·∫πp m√† nay l·∫°i gi·∫£m n·ªØa :(,5,25 thg 6 2023,2024-01-15,HAPPY PHONE
K***h,"h√†ng zin, nguy√™n seal",5,11 thg 6 2023,2024-01-15,HAPPY PHONE
H·ªì A.,Ok,5,15 thg 8 2023,2024-01-15,HAPPY PHONE
HO√ÄNG M.,,5,13 thg 7 2023,2024-01-15,HAPPY PHONE
HO√ÄNG M.,,5,10 thg 7 2023,2024-01-15,HAPPY PHONE
Trung,,5,07 thg 7 2023,2024-01-15,HAPPY PHONE
9***6,,5,08 thg 7 2023,2024-01-15,HAPPY PHONE
NGUY·ªÑN T.,,5,10 thg 6 2023,2024-01-15,HAPPY PHONE
V√µ H.,,5,23 thg 5 2023,2024-01-15,HAPPY PHONE
9***6,,5,25 thg 5 2023,2024-01-15,HAPPY PHONE
PhaÃ£m T.,,5,11 thg 10 2023,2024-01-15,HAPPY PHONE
Tr·∫ßn ƒê.,,5,26 thg 9 2023,2024-01-15,HAPPY PHONE
HO√ÄNG M.,,5,03 thg 7 2023,2024-01-15,HAPPY PHONE
3***7,,5,30 thg 6 2023,2024-01-15,HAPPY PHONE
HO√ÄNG M.,,5,21 thg 6 2023,2024-01-15,HAPPY PHONE
HO√ÄNG M.,,5,21 thg 6 2023,2024-01-15,HAPPY PHONE
Hi·∫øu P.,,5,27 thg 6 2023,2024-01-15,HAPPY PHONE
*******134,,5,20 thg 6 2023,2024-01-15,HAPPY PHONE
Ng√¥ T.,,5,17 thg 6 2023,2024-01-15,HAPPY PHONE
0***4,,5,20 thg 6 2023,2024-01-15,HAPPY PHONE
0***4,,5,20 thg 6 2023,2024-01-15,HAPPY PHONE
Panda B.,,5,19 thg 6 2023,2024-01-15,HAPPY PHONE
HO√ÄNG M.,,5,14 thg 6 2023,2024-01-15,HAPPY PHONE
ƒêinh Q.,,5,15 thg 8 2023,2024-01-15,HAPPY PHONE
Vi·ªát ƒê.,,5,30 thg 7 2023,2024-01-15,HAPPY PHONE
Truong N.,,5,16 thg 7 2023,2024-01-15,HAPPY PHONE
Ch√¢u T.,,5,02 thg 7 2023,2024-01-15,HAPPY PHONE
Nguy·ªÖn T.,"m√°y nguy√™n seal, ok, tuy nhi√™n ƒë√£ b·ªã k√≠ch ho·∫°t bh tr∆∞·ªõc khi mua 1 ng√†y !",3,10 thg 6 2023,2024-01-15,HAPPY PHONE
p***.,"tr·∫£i ngi·ªám v√¥ c√πng t·ªìi t·ªá. ƒê·∫∑t h√†ng 7/7 m√† 11/7 m·ªõi b√†n giao v·∫≠n chuy·ªÉn. 15/7 b√°o ƒëang giao h√†ng trong hnay nh∆∞ng k giao sau khi g·ªçi cskh h·∫πn tr·ªÖ nh·∫•t giao 17/7 v·∫´n k giao, t·ªõi 18/7 m·ªõi giao h√†ng (sau khi g·ªçi cskh y√™u c·∫ßu h·ªßy v√† ho√†n ti·ªÅn v√¨ qu√° m·∫•t th·ªùi gian). Sau khi nh·∫≠n ƒëc h√†ng ng√†y 18/7 th√¨ tr√™n app l·∫°i b√°o ƒë√£ giao h√†ng ng√†y 17/7. k hi·ªÉu n·ªïi.",1,19 thg 7 2023,2024-01-15,HAPPY PHONE
ƒê·ªìng V.,M·ªõi nh·∫≠n h√†ng v·ªÅ xem l·∫°i ƒë√£ m·∫•t 2tr theo gi√° m·ªõi shop h√†i qu√°,1,16 thg 7 2023,2024-01-15,HAPPY PHONE
