,ItemID,DateReview,ShopID,Review,StarRating,ProductID,PlatformID
0,23262276237,2024-01-01,65589552,"Ch·∫•t l∆∞·ª£ng s·∫£n ph·∫©m:hi·ªán t·∫°i ch∆∞a c√≥ l·ªói g√¨
T√≠nh nƒÉng n·ªïi b·∫≠t:kh√¥ng k√®m g√≥i Care+
ƒê√∫ng v·ªõi m√¥ t·∫£:ok

Shop uy t√≠n, l·∫ßn ƒë·∫ßu m√¨nh ƒë·∫∑t shopee ƒë∆°n g·∫ßn 20tr
Shop giao h√†ng nhanh, c√≥ ƒë·ªß ph·ª• ki·ªán ƒëi k√®m, s·∫°c kh√¥ng d√¢y c√≥ k√®m c√°p v√† c·ªß s·∫°c thu·∫≠n ti·ªán r·∫•t ∆∞ng √Ω
Pin 5000 d√πng ƒëc kho·∫£ng 1 ng√†y
ƒêi·ªán tho·∫°i kh√¥ng ƒë∆∞·ª£c k√®m care+, n·∫øu c√≥ th√¨ m√¨nh th·∫•y tr·ªçn v·∫πn h∆°n.
ƒê√°ng mua ·∫°, tr·∫£i nghi·ªám okie nh√©",5,P002,PL03
1,23262276237,2024-01-31,65589552,L·∫ßn ƒë·∫ßu mua h√†ng gi√° tr·ªã cao qua shopee nh·∫≠n ƒë∆∞·ª£c h√†ng r·∫•t h√†i l√≤ng. Mua h√†ng mall n√™n c≈©ng kh√° y√™n t√¢m. SƒÉn sale n√™n ƒë∆∞·ª£c gi√° t·ªët. Vote 5 sao cho shop ·∫°.,5,P002,PL03
2,23262276237,2024-01-05,65589552,"ƒê√∫ng v·ªõi m√¥ t·∫£:chu·∫©n ch√≠nh h√£ng
Ch·∫•t l∆∞·ª£ng s·∫£n ph·∫©m:ch·∫•t l∆∞·ª£ng t·ªët
T√≠nh nƒÉng n·ªïi b·∫≠t:nh∆∞ m√¥ t·∫£

S·∫£n ph·∫©m ch√≠nh h√£ng, ch·∫•t l∆∞·ª£ng ƒë·∫£m b·∫£o. H√†i l√≤ng v√¨ ƒëc gi·∫£m gi√° c·∫£ shop l·∫´n shopee.",5,P002,PL03
3,23262276237,2024-01-20,65589552,"Ch·∫•t l∆∞·ª£ng s·∫£n ph·∫©m:nguy√™n seal, h·ªôp ko c·∫•n m√≥p
ƒê√∫ng v·ªõi m√¥ t·∫£:ƒë√∫ng
T√≠nh nƒÉng n·ªïi b·∫≠t:ƒë√≥ng g√≥i k·ªâ, nh√¨u l·ªõp x·ªëp, giao h√†ng si√™u nhanh

Tuy·ªát v·ªùi",5,P002,PL03
4,23262276237,2024-01-21,65589552,"ƒê√∫ng v·ªõi m√¥ t·∫£:ok
T√≠nh nƒÉng n·ªïi b·∫≠t:ok
Ch·∫•t l∆∞·ª£ng s·∫£n ph·∫©m:ok

ƒê√≥ng g√≥i ok
Giao h√†ng nhanh
N√≥i chung an to√†n h·ª£p l√≠ ch·∫•t l∆∞·ª£ng",5,P002,PL03
5,23262276237,2023-12-24,65589552,"T√≠nh nƒÉng n·ªïi b·∫≠t:t·ªët
Ch·∫•t l∆∞·ª£ng s·∫£n ph·∫©m:tuy·ªát v·ªùi
ƒê√∫ng v·ªõi m√¥ t·∫£:t·ªët

SƒÉn sale gi√° t·ªët. Combo nh∆∞ b√¨nh,ch·ªâ ti·∫øc l√† kh√¥ng mua ƒë∆∞·ª£c m√†u ƒëen m√† ch·ªâ c√≥ m·ªói kem. X√†i donvf android cao c·∫•p gh√¨ n√≥ s∆∞·ªõng.m√¨nh chuy·ªÉn t·ª´ ios qua android.",5,P002,PL03
6,23262276237,2024-01-04,65589552,"Ch·∫•t l∆∞·ª£ng s·∫£n ph·∫©m:t·ªët
ƒê√∫ng v·ªõi m√¥ t·∫£:ƒë√∫ng
T√≠nh nƒÉng n·ªïi b·∫≠t:n·ªïi b·∫≠t

Giao h√†ng c·∫ßn th·∫≠n, ƒë√≥ng g√≥i si√™u kƒ©. L√∫c nh·∫≠n ƒë∆∞·ª£c h·ªôp h√†ng nh√¨n to l·∫Øm. M√†u s·∫Øc ƒë·∫πp. B·ªô s∆∞u t·∫≠p n√†y ƒë√£ bao g·ªìm 1 ch√¢n s·∫°c t·∫∑ng k√®m s·∫°c nhanh kh√¥ng d√¢y.",5,P002,PL03
7,23262276237,2023-12-16,65589552,"H√†ng ƒë∆∞·ª£c ƒë√≥ng g√≥i c·∫©n th·∫≠n, giao nhanh. 
Giao ƒë√∫ng, ƒë·ªß s·∫£n ph·∫©m. M√†u h·ªìng t√≠m si√™u xinh
M√¨nh ch∆∞a d√πng n√™n ch∆∞a bi·∫øt :))",5,P002,PL03
8,23262276237,2024-01-29,65589552,"T√≠nh nƒÉng n·ªïi b·∫≠t:s23u h·ªìng t√≠m

Gh nhanh, ƒë√≥ng g√≥i c·∫©n th·∫≠n.sp ƒëang sd.m√°y m√†u h·ªìng t√≠m xinh nha.m√°y ƒë·∫πp ·ªëp xinh, s·∫°c nhanh s·∫°c okieüëåüëå",5,P002,PL03
9,23262276237,2023-12-17,65589552,"S·∫£n ph·∫©m ƒë·∫πp
ƒê√≥ng g√≥i c·∫©n th·∫≠n, l√≥t 1 ƒë·ªëng b√≥ng x·ªëp ƒë√≥ng trong 1 c√°i th√πng to g·∫•p 3 s·∫£n ph·∫©m lu√¥n
Shop h·ªó tr·ª£ nhi·ªát t√¨nh
H√†ng ch·ªù 7 ng√†y sau m·ªõi k√≠ch ho·∫°t b·∫£o h√†nh
Like shop",5,P002,PL03
10,23262276237,2024-01-11,65589552,"ƒê√∫ng v·ªõi m√¥ t·∫£:ƒë√∫ng
T√≠nh nƒÉng n·ªïi b·∫≠t:ch·ª•p ·∫£nh ƒë·ªânh
Ch·∫•t l∆∞·ª£ng s·∫£n ph·∫©m:t·ªët

M√¨nh sƒÉn ƒë·ªÉ mua trong 2 th√°ng li·ªÅn, khi th·∫•y gi√° c·ªßa c·∫£ b·ªô s∆∞u t·∫≠p l√† 18tr9 m√¨nh ch·ªët lu√¥n v√¨ th·∫•y qu√° h·ªùi r·ªìi. Ngo√†i ƒëi·ªán tho·∫°i ƒë∆∞·ª£c th√™m nhi·ªÅu ph·ª• ki·ªán. N·∫øu thay tag2 b·∫±ng tai nghe bud ho·∫∑c ƒë·ªìng h·ªì th√¨ m√¨nh th·∫•y ti·ªán √≠ch h∆°n n·ªØa ch·ª© tag hi·ªán t·∫°i m√¨nh ch∆∞a bi·∫øt n√™n g√°n ƒë√¢u cho t·ªëi ∆∞u lu√¥n ·∫°. :)",5,P002,PL03
11,23262276237,2024-01-26,65589552,"Shop giao h√†ng si√™u t·ªëc ƒë·ªô m·ª´i ƒëi·ªÉm, m√†u m√°y h·ªìng t√≠m (m√† tui khum bi·∫øt l√† h·ªìng hay t√≠m, v√¨ m·ªói nh√† ph√¢n ph·ªëi n√≥i 1 ki·ªÉu, tui s·∫Ω tin l√† h·ªìng v√¨ mall ch√≠nh h√£ng b·∫©u th·∫ø) si√™u ƒë·∫πp, c√≥ k√®m d√¢y s·∫°c, c·ªß s·∫°c l·∫´n s·∫°c kh√¥ng d√¢y si√™u x·ªãn, case c√πng m√†u m√°y c≈©ng ƒë·∫πp n·ªët, smart tag ch∆∞a x√†i h√¥ng bi·∫øt ·ªïn khum m√† 10 ƒëi·ªÉm kh√¥ng c√≥ nh∆∞ngggg",5,P002,PL03
12,23262276237,2023-12-31,65589552,"Giao h√†ng nhanh, ƒë·∫∑t t·ªëi mu·ªôn th·ª© 6, s√°ng ch·ªß nh·∫≠t nh·∫≠n ƒëc h√†ng
H√†ng nh∆∞ m√¥ t·∫£, t·∫•t c·∫£ c√°c s·∫£n ph·∫©m ƒë·ªÅu nguy√™n seal 
SƒÉn sale ƒëc gi√° 19.815k kh√° h·ªùi",5,P002,PL03
13,23262276237,2023-12-31,65589552,"ƒê√∫ng v·ªõi m√¥ t·∫£:Qu√° ƒë√∫ng
T√≠nh nƒÉng n·ªïi b·∫≠t:cao c·∫•p
Ch·∫•t l∆∞·ª£ng s·∫£n ph·∫©m:ƒê√∫ng ch·∫•t l∆∞·ª£ng

Th·∫≠t s·ª± l√∫c ƒë·∫ßu mua ƒëi·ªán tho·∫°i tr√™n shoppee c≈©ng h∆°i kh√¥ng tin t∆∞·ªüng v√†o vi·ªác giao h√†ng ƒë√∫ng m·∫´u m√£. Nh∆∞ng sau khi tr·∫£i nghi·ªám m√¨nh th·∫≠t s·ª± ƒë√£ tin t∆∞·ªüng v√†o gian h√†ng shoppee Mall c·ªßa Samsung.Th√™m m·ªôt tr·∫£i nghi·ªám th√∫ v·ªã cho nh·ªØng ng√†y cu·ªëi nƒÉm 2023. 2024 Gi√°p th√¨n_ Ch√∫c samsung ƒë·∫°t ngh√¨n th√†nh t·ª±u ‚ù§Ô∏è- C√°c b·∫°n h√£y th·∫≠t s·ª± an t√¢m khi mua h√†ng tr√™n shoppee Mall c·ªßa Samsungüëç‚ù§Ô∏è",5,P002,PL03
14,23262276237,2024-01-30,65589552,"Ch·∫•t l∆∞·ª£ng s·∫£n ph·∫©m:ƒë√∫ng m√¥ t·∫£
T√≠nh nƒÉng n·ªïi b·∫≠t:ƒë√∫ng m√¥ t·∫£
ƒê√∫ng v·ªõi m√¥ t·∫£:ƒë√∫ng m√¥ t·∫£

ƒê√≥ng g√≥i c·∫©n th·∫≠n, giao h√†ng nhanh, m·∫´u m√£ ƒë·∫πp, shop ch√≠nh h√£ng n√™n y√™n t√¢m mua h√†ng",5,P002,PL03
15,23262276237,2024-01-27,65589552,Mua tr√™n shopee n√™n ƒë∆∞·ª£c gi√° h·ªùi v√† t·∫∑ng nhi·ªÅu qu√†. Mua online s·∫£n ph·∫©m ƒë·∫Øt ti·ªÅn m√¨nh c≈©ng h∆°i lo nh∆∞ng may m·∫Øn l√† nh·∫≠n ƒë∆∞·ª£c h√†ng t·ªët.,5,P002,PL03
16,23262276237,2024-03-20,65589552,"S·∫£n ph·∫©m ƒë∆∞·ª£c giao nhanh ch√≥ng 
M√°y d√πng ƒë·∫øn th·ªùi ƒëi·ªÉm hi·ªán t·∫°i ch∆∞a c√≥ l·ªói g√¨ 
Ko c√≥ samsung care + ƒëi k√®m, ph·∫£i mua th√™m
Qu√† t·∫∑ng ƒëi k√®m g·ªìm s·∫°c v√† tag s·ª≠ d·ª•ng t·ªët 
Ri√™ng ·ªëp t·∫∑ng k√®m tr√¥ng h∆°i ph√®n, m√†u kem d·ªÖ b√°m b·∫©n",5,P002,PL03
17,23262276237,2023-12-23,65589552,"Shop l√™n ƒë∆°n nhanh, giao h√†ng c≈©ng nhanh. √Åp m√£ gi·∫£m n√™n c√≤n 21tr. Ch·ªù shop k√≠ch ho·∫°t bh th√¥i :)",5,P002,PL03
18,23262276237,2024-01-03,65589552,"Ch·∫•t l∆∞·ª£ng s·∫£n ph·∫©m:r·∫•t t·ªët
ƒê√∫ng v·ªõi m√¥ t·∫£:ddungs
T√≠nh nƒÉng n·ªïi b·∫≠t:t·ªët

S·∫Ω ti·∫øp t·ª•c ·ªßng h·ªô",5,P002,PL03
19,23262276237,2024-01-07,65589552,"T√≠nh nƒÉng n·ªïi b·∫≠t:X·ªãn
Ch·∫•t l∆∞·ª£ng s·∫£n ph·∫©m:T·ªët
ƒê√∫ng v·ªõi m√¥ t·∫£:ƒë√∫ng m√†u, ƒë√∫ng m·∫´u

V·ªÅ c∆° b·∫£n th√¨ shop ƒë√≥ng g√≥i t·ªët, m√°y v√† c√°c thi·∫øt b·ªã, ph·ª• ki·ªán ƒë·∫ßy ƒë·ªß, t·ªët, ƒë√∫ng m·∫´u, giao h√†ng nhanh.
 
Nh∆∞ng m√¨nh ƒë√°nh gi√° kh√¥ng t·ªët ·ªü ƒë√¢y l√† do b√™n v·∫≠n chuy·ªÉn l√†m ·∫©u v·∫≠n chuy·ªÉn sao ƒë·ªÉ r√°ch l·ªõp b·ªçc b√™n ngo√†i l·∫´n tr·∫ßy r√°ch h·ªôp b√™n trong, c√°c h·ªôp ƒëi·ªán tho·∫°i, ph·ª• ki·ªán b√™n trong b·ªã l·ªách ra kh·ªèi v·ªã tr√≠ c·ªßa n√≥. M·∫∑c d√π may m·∫Øn l√† ko h∆∞ h·∫°i g√¨ nh∆∞ng m√¨nh c≈©ng mong shop l√†m vi·ªác l·∫°i b√™n v·∫≠n chuy·ªÉn c≈©ng nh∆∞ c√≥ 1 gi·∫£i ph√°p tr√°nh tr∆∞·ªùng h·ª£p n√†y x·∫£y ra (vd nh∆∞ b·ªè v√†o 1 th√πng tr·ªëng kh√°c v√† th√™m 1 l·ªõp ch·ªëng s·ªëc n·ªØa) v√¨ s·∫£n ph·∫©m n√†y c√≥ gi√° tr·ªã r·∫•t cao ƒë·∫øn  c·∫£ ch·ª•c tri·ªáu ƒë·ªìng.",3,P002,PL03
20,23262276237,2024-03-16,65589552,"Ch·∫•t l∆∞·ª£ng s·∫£n ph·∫©m:Tuy·ªát v·ªùi
ƒê√∫ng v·ªõi m√¥ t·∫£:ƒê√∫ng
T√≠nh nƒÉng n·ªïi b·∫≠t:nh∆∞ nxs c√¥ng b·ªë

S·∫£n ph·∫©m ch√≠nh h√£ng, th√¥ng tin nh∆∞ m√¥ t·∫£. Gi√° flashsale r·∫•t t·ªët. Tuy nhi√™n c√°c s·∫£n ph·∫©m trong h·ªôp khi m·ªü ra ko c√≤n n·∫±m ƒë√∫ng v·ªã tr√≠ m√† b·ªã x·ª•c x·ªãch do qu√° tr√¨nh v·∫≠n chuy·ªÉn. H·ªôp b√™n trong b·ªã m√≥p ch√∫t nh∆∞ng ko ·∫£nh h∆∞·ªüng nhi·ªÅu.
Tr·ª´ 1 sao v√¨ h√†ng ƒë√£ t·ªõi kho giao nh∆∞ng m√¨nh b·ªã nh·∫≠n tr·ªÖ 2 ng√†y.",5,P002,PL03
21,23262276237,2024-01-06,65589552,"ƒê∆∞·ª£c m√£ gi·∫£m gi√° c·ªßa Samsung v√† Shopee n√™n gi√° kh√° t·ªët, nhi·ªÅu qu√° t·∫∑ng k√®m, l·ª£i h∆°n khi mua l·∫ª ƒët. H·ªôp ƒë·∫øn tay kh√¥ng b·ªã m√≥p, v·∫´n c√≤n nguy√™n seal. Bao da m√†u s√°ng n√™n h∆°i d·ªÖ b√°m b·∫©n",5,P002,PL03
22,23262276237,2024-01-10,65589552,"Ch·∫•t l∆∞·ª£ng s·∫£n ph·∫©m:h√¥p.m√≥p
ƒê√∫ng v·ªõi m√¥ t·∫£:kh√¥ng
T√≠nh nƒÉng n·ªïi b·∫≠t:kh√¥ng c√≥

T√≠nh ƒë·∫øn h√¥m nay nh·∫≠n m√°y v√† k√≠ch hoat l√† 12 ng√†y shop n√≥i y√™n t√¢m ch·ªù sau 7 ng√†y. Chat 7 8 l·∫ßn ƒë·ªÅu h·ª©a h·∫πn k√≠ch ho·∫°t n·∫£o h√†nh. Xong h k√™u k cho ƒë·ªïi tr·∫£ . Shop l√†m ƒÉn ch·ª•p gi·∫≠t n√≥ v·ª´a th√¥i nh√©. T√¥i s·∫Ω kh·ªüi ki·ªán. M·ªçi ng∆∞·ªùi.n√© shop n√†y ra gi√πm nh√©. Ch√≠nh h√£ng g√¨ ƒë√¢u l·ª´a ƒë·∫£o kh√¥ng √†",1,P002,PL03
23,23262276237,2024-01-26,65589552,"ƒê√∫ng v·ªõi m√¥ t·∫£:ƒë√∫ng
Ch·∫•t l∆∞·ª£ng s·∫£n ph·∫©m:t√¥t

H√†ng ko v·ªõ g√¨ c·∫£ oke ni√™mphong ƒë√≥ng g√≥i c·∫©n th·∫≠n",5,P002,PL03
24,23262276237,2024-01-02,65589552,"Ch·∫•t l∆∞·ª£ng s·∫£n ph·∫©m:tuy√™t v·ªùi

H√†ng sale c√≥ m√£ KM, gi√° qu√° t·ªët.",5,P002,PL03
25,23262276237,2024-01-02,65589552,"ƒê√∫ng v·ªõi m√¥ t·∫£:sp ƒë√∫ng m√¥ t·∫£
Ch·∫•t l∆∞·ª£ng s·∫£n ph·∫©m:ƒë·∫≠p h·ªôp con th·ª© 2, ti·∫øc l√† k ƒëc t·∫∑ng care+
T√≠nh nƒÉng n·ªïi b·∫≠t:youtube ƒë·ªÉ xem chi ti·∫øt

H√†ng k ph·∫£i m√†u ƒë·ªôc quy·ªÅn n√™n giao c·ª±c nhanh!",5,P002,PL03
26,23262276237,2024-01-18,65589552,Khay sim c·∫£m gi√°c h∆°i kh√≥ m·ªü so v·ªõi c√°c h√£ng kh√°c‚Ä¶ƒë∆∞·ª£c  nh√¢n vi√™n h·ªó tr·ª£ nhi·ªát t√¨nh.,4,P002,PL03
27,23262276237,2024-03-09,65589552,Giao h√†ng nhanh nhi·ªát t√¨nh ·∫•n nh·∫ßm t√†i x·∫ø 5 sao nha h√†ng gi·ªëng qu·∫£ng c√°o,5,P002,PL03
28,23262276237,2024-02-19,65589552,"T√≠nh nƒÉng n·ªïi b·∫≠t:zoom
Ch·∫•t l∆∞·ª£ng s·∫£n ph·∫©m:ok

Giao h√†ng kh√° ƒë√∫ng th·ªùi gian d·ª± ki·∫øn. 
C·ª•c wireless ko ƒÉn l·∫Øm khi s·∫°c c√πng l√∫c 2 ƒëi·ªán tho·∫°i ü§∑‚Äç‚ôÄÔ∏è
ƒêi·ªán tho·∫°i th√¨ ƒë·∫øn hi·ªán t·∫°i ch∆∞a b·ªã l·ªói. 
H√™n case ƒë∆∞·ª£c tr√πng m√†u ƒëi·ªán tho·∫°i. 
Tag th√¨ ch∆∞a bi·∫øt x√†i n√™n ch∆∞a ƒë·ª•ng t·ªõi.",5,P002,PL03
29,23262276237,2024-01-27,65589552,"S·∫£n ph·∫©m ch√≠nh h·∫£ng, mua s·∫£n ph·∫©m c·ªßa shop nhi·ªÅu l·∫ßn r·ªìi. Ch·∫•t l∆∞·ª£ng oke nha mm mm mm mm",5,P002,PL03
30,23262276237,2023-12-27,65589552,"Giao h√†ng nhanh. M√°y nh·∫≠n ch∆∞a k√≠ch ho·∫°t b·∫£o h√†nh. ƒê√°nh gi√° cao d·ªãch v·ª• c·ªßa SPX. V·ªÅ ƒë·ªô b·ªÅn th√¨ ph·∫£i ch·ªù th·ªùi gian tr·∫£ l·ªùi. ƒê·ªô m∆∞·ª£t th√¨ ƒëang tr·∫£i nghi·ªám. Hi·ªán t·∫°i l√† h√†i l√≤ng v·ªõi d·ªãch v·ª• v√† s·∫£n ph·∫©m. 
Xui c√°i l√† m·ªõi mua xong bu·ªïi s√°ng 20,7 tr th√¨ bu·ªïi chi·ªÅu v√†o l·∫°i Shopee c√≤n 18,8tr. Coi nh∆∞ m·∫•t g·∫ßn 2tr. Hihi",5,P002,PL03
31,23262276237,2023-12-29,65589552,"T√≠nh nƒÉng n·ªïi b·∫≠t:ok
ƒê√∫ng v·ªõi m√¥ t·∫£:ok
Ch·∫•t l∆∞·ª£ng s·∫£n ph·∫©m:ok

ƒê√≥ng g√≥i c·∫©n th·∫≠n. Giao h√†ng kh√° nhanh. Ch·∫•t l∆∞·ª£ng r·∫•t ok",5,P002,PL03
32,23262276237,2024-02-08,65589552,"Giao h√†ng ƒë√∫ng m√¥ t·∫£, gi√° c·∫£ ph·∫£i chƒÉng, ƒë√≥ng g√≥i kh√° c·∫©n th·∫≠n.",5,P002,PL03
33,23262276237,2024-02-01,65589552,"T√≠nh nƒÉng n·ªïi b·∫≠t:ƒê√∫ng nh∆∞ m√¥ t·∫£
Ch·∫•t l∆∞·ª£ng s·∫£n ph·∫©m:t·ªët

C√°c b·∫°n mua m√†u kem th√¨ n√≥ s·∫Ω g·∫ßn gi·ªëng m√†u tr·∫Øng s·ªØa nh√©. ·ªêp k√®m theo h·ªôp c≈©ng l√† m√†u tr·∫Øng 100% lu√¥n n√™n s·∫Ω mau d∆°.
Update: khay s·∫°c ko d√¢y b√°n k√®m ho·∫°t ƒë·ªông k√©m hi·ªáu qu·∫£, ch·ªâ d√πng ƒë∆∞·ª£c khi ƒëi·ªán tho·∫°i kh√¥ng d√πng ·ªëp l∆∞ng. iPhone th√°o ·ªëp s·∫°c k√© c≈©ng kh√¥ng ƒë∆∞·ª£c.",4,P002,PL03
34,23262276237,2024-01-14,65589552,"S·∫£n ph·∫©m ƒë√≥ng g√≥i k·ªπ, giao ƒë·∫ßy ƒë·ªß ƒë√∫ng m√†u, ƒë∆°n v·ªã v·∫≠n chuy·ªÉn giao ch·∫≠m h∆°n 1 ng√†y so v·ªõi ng√†y d·ª± ki·∫øn (ph·∫£i g·ªçi ƒë∆°n v·ªã v·∫≠n chuy·ªÉn nh·ªù giao g·∫•p n·∫øu kh√¥ng c√≤n tr·ªÖ h∆°n n·ªØa).",5,P002,PL03
35,23262276237,2024-01-23,65589552,"M√†n h√¨nh ph·∫£i d√°n ƒë·ªÉ b·∫£o v·ªá, v√¨ th·∫ø m√† thua xa Note 9 v·ªÅ ƒë·ªô nh·∫°y c·ªßa c·∫£m ·ª©ng v√¢n tay (Note 9 c√≥ c·∫£m ·ª©ng ·ªü m·∫∑t sau). M√†n h√¨nh tr∆°n tr·ª£t k ph√π h·ª£p l·∫•y v√¢n tay, m·ªëng m·∫Øt c≈©ng k c√≥ -> to√†n b·ªô ·ª©ng d·ª•ng m·ªü/giao d·ªãch b·∫±ng v√¢n tay, m·ªëng m·∫Øt ƒë·ªÅu k th·ª±c hi·ªán dc. Ch·ª•p h√¨nh gi·∫£ t·∫°o, m√†u da nh∆∞ ng b·ªã b·ªánh gan, v√†ng kh√®. T√≥m l·∫°i, h·ªëi h·∫≠n khi mua, th√† s√†i m√°y c≈© m√† ƒë√°p ·ª©ng dc nhu c·∫ßu. ƒê√¢u c·∫ßn m√°y m·ªõi ƒë·∫πp m√£, ch·∫°y nhanh m∆∞·ª£t h∆°n l√†m g√¨. Ch√°n.",2,P002,PL03
36,23262276237,2024-01-10,65589552,"ƒê√∫ng v·ªõi m√¥ t·∫£:ƒëc
Ch·∫•t l∆∞·ª£ng s·∫£n ph·∫©m:ok
T√≠nh nƒÉng n·ªïi b·∫≠t:ok

Sen ƒë√° ch·ªâ ph√π h·ª£p tr·ªìng x·ª© l·∫°nh. ·ªû x·ª© n√≥ng d√π tr·ªìng th·∫ø n√†o c≈©ng kh√¥ng th·ªÉ l√™n m√†u v√† ƒë·∫πp ƒë∆∞·ª£c nh∆∞ x·ª© l·∫°nh. D·∫°o m·ªôt v√≤ng nh√≥m th√¨ t√¥i th·∫•y c√°c b·∫°n post ·∫£nh sen ƒë·∫πp ƒë·ªÅu ·ªü nh·ªØng v√πng kh√≠ h·∫≠u m√°t m·∫ª ch·∫≥ng th·∫•y ai ·ªü x·ª© n√≥ng m√† tr·ªìng sen l√™n m√†u c·∫£. Sen ƒë√° th·∫≠t s·ª± kh√¥ng h·ª£p x·ª© n√≥ng.",5,P002,PL03
37,23262276237,2024-01-03,65589552,"ƒê√∫ng v·ªõi m√¥ t·∫£:ok
Ch·∫•t l∆∞·ª£ng s·∫£n ph·∫©m:ik
T√≠nh nƒÉng n·ªïi b·∫≠t:ok

Trong v√≤ng 7 ng√†y; ch·ªâ √°p d·ª•ng t·∫°i si√™u th·ªã) Xem chi ti·∫øt
Thu c≈© ƒê·ªïi m·ªõi: Gi·∫£m ƒë·∫øn 2 tri·ªáu (Tu·ª≥ model m√°y c≈©, Kh√¥ng k√®m thanh to√°n qua c·ªïng online, mua k√®m) Xem chi ti·∫øt
Ho√†n 200,000ƒë cho ch·ªß th·∫ª t√≠n d·ª•ng HOME CREDIT khi thanh to√°n ƒë∆°n h√†ng t·ª´ 5,000,000ƒë (Xem chi ti·∫øt t·∫°i ƒë√¢y)
Nh·∫≠p m√£ VNPAYTGDD gi·∫£m t·ª´ 50,000ƒë ƒë·∫øn 200,00",5,P002,PL03
38,23262276237,2024-02-01,65589552,"Ch·∫•t l∆∞·ª£ng GH qu√° t·ªá, t√¥i ph·∫£i ƒë·∫øn tr·ª±c ti·∫øp b∆∞u c·ª•c ƒë·ªÉ l·∫•y h√†ng, c√≤n ko ch·∫Øc gi·ªù n√†y c√≤n ch∆∞a ƒëc nh·∫≠n üò≠
V·ªÅ m√°y th√¨ ch∆∞a c√≥ g√¨ ph·∫£i ph√†n n√†n
4 sao
D·ªãch v·ª• b√°n 5 sao
Giao h√†ng -5 sao",4,P002,PL03
39,23262276237,2023-12-25,65589552,T√≠nh nƒÉng n·ªïi b·∫≠t:T·∫∑ng ƒë·∫ø s·∫°c kh√¥ng d√¢y 1 b√™n s·∫°c ƒëc 1 b√™n cho v√†o s·∫°c m·ªõi ƒë·∫ßu l√™n pin sau ƒë√≥ ng·∫Øt lu√¥n. ƒë·ªì l·ªüm,4,P002,PL03
40,23262276237,2024-01-01,65589552,"T√≠nh nƒÉng n·ªïi b·∫≠t:khoong kich BH
ƒê√∫ng v·ªõi m√¥ t·∫£:ko k√≠ch b·∫£o h√†nh khi ƒë√£ b·∫•m nh·∫≠n h√†ng
Ch·∫•t l∆∞·ª£ng s·∫£n ph·∫©m:t·ªá. h√†ng ko k√≠ch b·∫£o h√†nh",1,P002,PL03
41,23262276237,2024-01-12,65589552,L·∫ßn ƒë·∫ßu mua ƒët x·ªãn tr√™n n√†y th·∫•y r·∫•t ok :)) r·∫ª h∆°n th·ªã tr∆∞·ªùng n·ªØa,5,P002,PL03
42,23262276237,2024-01-17,65589552,"T·∫°m h√†i l√≤ng. Ch·∫•t l∆∞·ª£ng sp oke, nh∆∞ng shop giao cho t√¥i h·ªôp b·ªã m√≥p.",3,P002,PL03
43,23262276237,2024-02-06,65589552,SƒÉn sale live ƒëc 18tr4. ƒÇn ch·ªãu kh√≥ sƒÉn l√∫c shoppe live s·∫Ω c√≥ gi√° t·ªët. K·ªÉ ra ƒë·ªïi s·∫°c nhanh v·ªõi mart tag b·∫±ng tai nghe th√¨ ƒë·∫πp h∆°n,5,P002,PL03
44,23262276237,2024-01-04,65589552,Ch·∫•t l∆∞·ª£ng s·∫£n ph·∫©m:tuy·ªát v·ªùi,5,P002,PL03
45,23262276237,2024-03-17,65589552,Point out on a different note and I hope you have a great day and I love it so much and I hope you have a great weekend and enjoy the rest of the year with you and we will see how we are,5,P002,PL03
46,23262276237,2024-03-01,65589552,"ƒê√£ xem s24ult v√† ch·ªët s23ult, ch·ªß quan th·∫•y d√≤ng c≈© ƒë·∫πp h∆°n nhi·ªÅu.",5,P002,PL03
47,23262276237,2023-12-28,65589552,"ƒê√£ nh·∫≠n, ƒë·∫ßy ƒë·ªß qu√† k√®m theo",5,P002,PL03
48,23262276237,2024-01-19,65589552,Giao nhanh v√† s·∫£n ph·∫©m ƒë√∫ng nh∆∞ m√¥ t·∫£,5,P002,PL03
49,23262276237,2024-01-21,65589552,ƒë·ªß phu kien nh∆∞ qu·∫£ng c√°o,5,P002,PL03
50,23262276237,2024-01-03,65589552,H·ªôp giao h∆°i b·ªã m√≥p,4,P002,PL03
51,23262276237,2024-01-19,65589552,Tuy·ªát v·ªùi,5,P002,PL03
52,23262276237,2024-01-11,65589552,,5,P002,PL03
53,23262276237,2024-01-20,65589552,,5,P002,PL03
54,23262276237,2024-01-05,65589552,Ok,5,P002,PL03
55,23262276237,2024-02-23,65589552,"N√≥i chung l√† vui v·∫ª v·ªõi ch·∫•t l∆∞·ª£ng v√† gi√° ti·ªÅn mang l·∫°i
Nh∆∞ng shopee Express l√†m vi·ªác ch√°n th·ª±c s·ª± qu√° ch√°n lu√¥n ch·ª© kh√¥ng ph·∫£i l√† ch√°n v·ª´a",5,P002,PL03
56,23262276237,2024-02-28,65589552,"M√†u h∆°i thi√™n v·ªÅ t√≠m, m√¨nh √°p m√£ gi·∫£m c√≤n 22.090 ƒëc combo c·∫£ ·ªëp, smart tag v√† s·∫°c k d√¢y qu√° l√† ti·ªán l·ª£i, combo h·ª£p l√Ω. M√¨nh r·∫•t th√≠ch",5,P002,PL03
57,23262276237,2024-01-29,65589552,"Ch·∫•t l∆∞·ª£ng s·∫£n ph·∫©m:r·∫•t t·ªët
T√≠nh nƒÉng n·ªïi b·∫≠t:camera, ban ƒë·∫ßu k ·ªïn v√¨ m·∫∑c ƒë·ªãnh l√† 12 MP. Manual tinh ch·ªânh l·∫°i.
ƒê√∫ng v·ªõi m√¥ t·∫£:yeah

N√≥i ch√∫ng l√† t·ªët, ch∆∞a s·ª≠ d·ª•ng nhi·ªÅu, nh·∫≠n 1 tu·∫ßn h∆°n v·∫´n ƒë·ªÉ l√†m c·∫£nh.
Smart tag 2, cover , wireless charger kh√¥ng ƒë·ª•ng ƒë·∫øn.


Promo, D√π c√°ch nhau v√†i tri·ªáu, nh∆∞ng ch·ªçn 23 U thay v√¨ 24 U v√¨ m√†n h√¨nh bo cong.
24 U t·∫•t nhi√™n nhi√™n m·ªõi h∆°n, camera AInhi·ªÅu function & specs n√¢ng c·∫•p h∆°n. Nh∆∞ng li√™n t∆∞·ªüng ƒë·∫øn nh·ªØng ƒët Xpedia c≈© c·ªßa t√¥i ü§∑‚Äç‚ôÇÔ∏è

Quick delivery , 2 3 working days.",5,P002,PL03
58,23262276237,2024-02-04,65589552,"Ch·∫•t l∆∞·ª£ng s·∫£n ph·∫©m:mong la ko bi bong troc
T√≠nh nƒÉng n·ªïi b·∫≠t:zooom xa, s pen
ƒê√∫ng v·ªõi m√¥ t·∫£:san pham dung voi mo ta

so good",5,P002,PL03
59,23262276237,2024-01-22,65589552,"ƒê√∫ng v·ªõi m√¥ t·∫£:ngon b·ªï

S·∫£n ph·∫©m x·ªãn, h∆°i bu·ªìn 1 ch√∫t mua xong m·ªõi tr√∫ng ƒë·ª£t gi·∫£m gi√°",5,P002,PL03
60,23262276237,2024-01-08,65589552,"H√†ng ƒë·∫øn tay ƒë√≥ng g√≥i r·∫•t c·∫©n th·∫≠n, ƒë·ªß h√†ng, ƒët x√†i ·ªïn √°p l·∫Øm, nh·∫•t l√† kho·∫£n zoom, ·∫£nh tr√™n l√† zoom 10x m√† v·∫´n r√µ v√† t∆∞∆°i m√†u. X·ªãn x√≤.",5,P002,PL03
61,23262276237,2024-01-30,65589552,"ƒê·∫∑t nh·∫ßm m√†u, hoi buon x√≠u, l·ªü b√≥c seal n√™n kg tr·∫£ h√†ng ƒë∆∞·ª£c. Ch·∫•t lu·ªçng m√°y th√¨ Ok, h√†ng ƒë√∫ng m√¥ t·∫£.",5,P002,PL03
62,23262276237,2023-12-28,65589552,"ƒê√∫ng v·ªõi m√¥ t·∫£:ƒë√∫ng

M√™ ch·ªØ √™ k√©o d√†i, fan ss l√¢u ƒë·ªùi, ƒëang d√πng note10 v·∫´n kh√° okela nh∆∞ng quy·∫øt ƒë·ªãnh v·∫´n mua m√°y m·ªõi.
H√†ng giao nhanh, ƒë·∫∑t tr∆∞a h√¥m tr∆∞·ªõc, ƒë√°ng ra s√°ng ƒë√£ nh·∫≠n ƒëc r·ªìi nh∆∞ng v√¨ ƒëi l√†m n√™n h·∫πn shipper t·ªëi giao l·∫°i.
C≈©ng lo l·∫Øng nhi·ªÅu c√°i khi mua tr√™n shopee v·ªõi 1 ki·ªán h√†ng gi√° tr·ªã l·ªõn nh∆∞ v·∫≠y. 
Nch s·∫Ω ti·∫øp t·ª•c tr·∫£i nghi·ªám v√† ph·∫£n h·ªìi l·∫°i l·∫ßn n·ªØa n·∫øu xu·∫•t hi·ªán v·∫•n ƒë·ªÅ.
Mua ƒë∆∞·ª£c v·ªõi gi√° h∆°n 19tr, mua xong l·∫°i th·∫•y c√≥ voucher kh√°c gi·∫£m c√°c ki·ªÉu c√≤n h∆°n 18tr √Ω, n√≥i chung canh me t√πy l√∫c nha c√°c b·∫°n, s·∫Ω ƒëc gi√° h·ªùi",5,P002,PL03
63,23262276237,2023-12-30,65589552,,5,P002,PL03
64,23262276237,2024-01-26,65589552,Ch·∫•t l∆∞·ª£ng s·∫£n ph·∫©m:t·ªët,5,P002,PL03
65,23262276237,2024-01-19,65589552,Ngon l√†nh c√†nh m·ªÅm ü•∞üòç,5,P002,PL03
66,23262276237,2024-01-08,65589552,Combo ƒë·∫πp sang ch·∫£nh,5,P002,PL03
67,23262276237,2024-01-01,65589552,Tuy·ªát v·ªùi üëçüíØ,5,P002,PL03
68,23262276237,2023-12-27,65589552,Tgffyhhdtuh,5,P002,PL03
69,23262276237,2024-02-08,65589552,Good,5,P002,PL03
70,23262276237,2023-12-26,65589552,,5,P002,PL03
71,23262276237,2023-12-31,65589552,,5,P002,PL03
72,23262276237,2024-01-02,65589552,,5,P002,PL03
73,23262276237,2024-01-10,65589552,,5,P002,PL03
74,23262276237,2023-12-30,65589552,,5,P002,PL03
75,23262276237,2023-12-31,65589552,,5,P002,PL03
76,23262276237,2024-01-02,65589552,,5,P002,PL03
77,23262276237,2024-01-04,65589552,,5,P002,PL03
78,23262276237,2024-01-19,65589552,,5,P002,PL03
79,23262276237,2024-01-26,65589552,,5,P002,PL03
80,23262276237,2024-01-29,65589552,,5,P002,PL03
81,23262276237,2024-03-05,65589552,,5,P002,PL03
82,23262276237,2024-03-05,65589552,,5,P002,PL03
83,23262276237,2024-02-07,65589552,,5,P002,PL03
84,23262276237,2023-12-30,65589552,,5,P002,PL03
85,23262276237,2024-01-03,65589552,,5,P002,PL03
86,23262276237,2024-01-18,65589552,,5,P002,PL03
87,23262276237,2024-03-06,65589552,,5,P002,PL03
88,23262276237,2024-03-09,65589552,,5,P002,PL03
89,23262276237,2024-01-05,65589552,,5,P002,PL03
90,23262276237,2024-02-24,65589552,,5,P002,PL03
91,23262276237,2024-01-01,65589552,,5,P002,PL03
92,23262276237,2023-12-30,65589552,,5,P002,PL03
93,23262276237,2024-01-22,65589552,,5,P002,PL03
94,23262276237,2024-02-03,65589552,,5,P002,PL03
95,23262276237,2024-01-05,65589552,,5,P002,PL03
96,23262276237,2024-02-08,65589552,,5,P002,PL03
97,23262276237,2024-01-30,65589552,,5,P002,PL03
98,23262276237,2024-01-11,65589552,,5,P002,PL03
99,23262276237,2023-12-17,65589552,,4,P002,PL03
100,23262276237,2024-03-07,65589552,,5,P002,PL03
101,23262276237,2023-12-29,65589552,,5,P002,PL03
102,23262276237,2024-02-17,65589552,,5,P002,PL03
103,23262276237,2023-12-31,65589552,,5,P002,PL03
104,23262276237,2023-12-31,65589552,,5,P002,PL03
105,23262276237,2024-03-21,65589552,,1,P002,PL03
106,23262276237,2024-01-09,65589552,,5,P002,PL03
107,23262276237,2023-12-29,65589552,,5,P002,PL03
108,23262276237,2024-01-03,65589552,,5,P002,PL03
109,23262276237,2024-03-09,65589552,,5,P002,PL03
110,23262276237,2024-02-29,65589552,,5,P002,PL03
111,23262276237,2024-01-11,65589552,,5,P002,PL03
112,23262276237,2024-01-16,65589552,,5,P002,PL03
113,23262276237,2024-01-21,65589552,,5,P002,PL03
114,23262276237,2024-01-01,65589552,,5,P002,PL03
115,23262276237,2024-01-02,65589552,,5,P002,PL03
116,23262276237,2024-01-02,65589552,,5,P002,PL03
117,23262276237,2024-01-02,65589552,,5,P002,PL03
118,23262276237,2023-12-29,65589552,,5,P002,PL03
119,23262276237,2023-12-28,65589552,,5,P002,PL03
120,23262276237,2023-12-29,65589552,,5,P002,PL03
121,23262276237,2024-01-20,65589552,,5,P002,PL03
122,23262276237,2024-01-21,65589552,,5,P002,PL03
123,23262276237,2024-01-19,65589552,,5,P002,PL03
124,23262276237,2024-01-25,65589552,,5,P002,PL03
125,23262276237,2024-01-30,65589552,,5,P002,PL03
126,23262276237,2024-01-31,65589552,,5,P002,PL03
127,23262276237,2024-02-29,65589552,,5,P002,PL03
128,23262276237,2024-03-26,65589552,,5,P002,PL03
129,23262276237,2024-02-22,65589552,,4,P002,PL03
130,22488687900,2024-01-16,507755150,Ch·ª•p ·∫£nh ch∆°i game n√≥i chung l√† ·ªïn . SƒÉn sale n√™n gi√° c≈©ng ok,5,P002,PL03
131,22488687900,2024-01-07,507755150,"Ch·∫•t l∆∞·ª£ng s·∫£n ph·∫©m:qu√° ok la

S·∫£n ph·∫©m t·ªët ƒë√∫ng s·∫£n ph·∫©m c√≤n m·ªõi nha",5,P002,PL03
132,22488687900,2024-01-09,507755150,"Shop giao h√†ng nhanh
H√¥m sau l√† nh·∫≠n ƒë∆∞·ª£c r
ƒêt l∆∞·ªõt √™m l·∫Øm 
N√™n mua nha",5,P002,PL03
133,22488687900,2024-03-18,507755150,"H√†ng chu·∫©n ,ch·∫•t l∆∞·ª£ng cao gi√° th√†nh h·ª£p l√Ω. giao h√†ng nhanh ch·∫•t l∆∞·ª£ng t·ªët.",5,P002,PL03
134,22488687900,2024-03-18,507755150,"H√†ng chu·∫©n ,ch·∫•t l∆∞·ª£ng cao gi√° th√†nh h·ª£p l√Ω. giao h√†ng nhanh ch·∫•t l∆∞·ª£ng t·ªët.",5,P002,PL03
135,22488687900,2024-01-09,507755150,"Shop g·ª≠i h√†ng chu·∫©n, t∆∞ v·∫•n r·∫•t nhi·ªát t√¨nh, ch·ªß shop ƒë·∫πp trai d·ªÖ t√≠nh n√™n mua nha mn ∆°i",5,P002,PL03
136,22488687900,2024-01-09,507755150,"Shop g·ª≠i h√†ng chu·∫©n, t∆∞ v·∫•n r·∫•t nhi·ªát t√¨nh, ch·ªß shop ƒë·∫πp trai d·ªÖ t√≠nh n√™n mua nha mn ∆°i",5,P002,PL03
137,22488687900,2024-01-07,507755150,"m√°y ngon,shop giao h√†ng nhanh",5,P002,PL03
138,22488687900,2023-12-25,507755150,"S·∫£n ph·∫©m tuy·ªát v·ªùi, t·ªët , ch·∫•t l∆∞·ª£ng",5,P002,PL03
139,22488687900,2024-01-20,507755150,"Xem h∆∞·ªõng d·∫´n ƒë√°nh gi√° chu·∫©n ƒë·ªÉ nh·∫≠n ƒë·∫øn 200 xu
ƒê√°nh gi√° nh·∫≠n xu",5,P002,PL03
140,22488687900,2024-03-18,507755150,"H√†ng chu·∫©n ,ch·∫•t l∆∞·ª£ng cao gi√° th√†nh h·ª£p l√Ω. giao h√†ng nhanh ch·∫•t l∆∞·ª£ng t·ªët.",5,P002,PL03
141,22488687900,2024-02-02,507755150,,5,P002,PL03
142,22488687900,2023-12-21,507755150,,5,P002,PL03
143,22488687900,2024-01-13,507755150,,5,P002,PL03
144,22488687900,2024-02-04,507755150,,5,P002,PL03
145,22488687900,2024-02-27,507755150,,5,P002,PL03
146,18291182009,2023-09-30,1039322456,"Shop uy t√≠n gi√° t·ªët - giao h√†ng nhanh, l·∫°i ƒë∆∞·ª£c imei ƒë·∫πp x·ªãn s√≤. M·ªçi ng∆∞·ªùi ·ªßng h·ªô nh√©, ch√∫c s·ªëp ng√†y c√†ng ph√°t tri·ªÉn v√† th√†nh c√¥ng h∆°n",5,P002,PL03
147,18291182009,2023-11-20,1039322456,"H√¨nh ·∫£nh ch·ªâ mang t√≠nh ch·∫•t nh·∫≠n xu 
B√∫n r·∫•t ok , giao h√†ng nhanh ,ƒë√≥ng g√≥i bao k·ªπ,ƒÉn h·∫øt s·∫Ω ti·∫øp t·ª•c ·ªßng h·ªô shop
B√∫n n√†y gi√° r·∫•t t·ªët ƒÉn r·∫•t ngon .Mua v·ªÅ m√† m·∫π m√¨nh b·∫£o ƒÉn v·ª´a √≠ n·ªØa ch·ª©",5,P002,PL03
148,18291182009,2023-10-26,1039322456,"S·∫£n ph·∫©m r·∫•t xinh ƒë·∫πp tuy·ªát v·ªùi, t√¥i kh√¥ng th·ªÉ tr√¥ng ƒë·ª£i g√¨ h∆°n. C·∫£m ∆°n nh√† cung c·∫•p, nh√† s·∫£n xu·∫•t, c·∫£m ∆°n ng∆∞·ªùi b√°n h√†ng, c·∫£m ∆°n s√†n th∆∞∆°ng m·∫°i ƒëi·ªán t·ª≠, c·∫£m ∆°n ng∆∞·ªùi v·∫≠n chuy·ªÉn ƒë·ªÉ t√¥i c√≥ c∆° h·ªôi d√πng s·∫£n ph·∫©m t·ªët nh∆∞ th·∫ø n√†y.
üòéH√†ng ƒë√≥ng g√≥i r·∫•t ƒë·∫πp. Qu·∫£ nhi√™n ng∆∞·ªùi b√°n ƒë√£ g·ª≠i g·∫Øm r·∫•t nhi·ªÅu t√¢m t∆∞ v√† t√¨nh c·∫£m trong l√∫c g√≥i h√†ng. H·ªôp kh√¥ng c√≥ d·∫•u hi·ªáu b·ªã m√≥p, ch·ª©ng t·ªè b·ªô ph·∫≠n v·∫≠n chuy·ªÉn ƒë√£ n√¢ng nh∆∞ n√¢ng tr·ª©ng, h·ª©ng nh∆∞ h·ª©ng hoa. Xin nghi√™ng m√¨nh c·∫£m ∆°n v√¨ t·∫•t c·∫£.
üòÑTh·ªùi gian v·∫≠n chuy·ªÉn r·∫•t h·ª£p l√≠. T√¥i ƒë√£ ƒë·∫∑t h√†ng v·ªõi t√¢m th·∫ø h√†o h·ª©ng ch·ªù ƒë·ª£i ƒë·ªÉ ƒë∆∞·ª£c tr·∫£i nghi·ªám s·∫£n ph·∫©m v√† t√¥i kh√¥ng h·ªÅ b·ªã ch·ªù m·ªèi c·ªï. C√≥ th·ªÉ th·∫•y b√™n v·∫≠n chuy·ªÉn kh√¥ng qu·∫£n ng·∫°i th·ªùi ti·∫øt v√† ƒë∆∞·ªùng x√° xa x√¥i ƒë·ªÉ ƒë∆∞a s·∫£n ph·∫©m cho t√¥i trong th·ªùi gian ng·∫Øn nh·∫•t.",5,P002,PL03
149,18291182009,2023-10-26,1039322456,"Ch·∫•t l∆∞·ª£ng s·∫£n ph·∫©m:t·ªët
ƒê√∫ng v·ªõi m√¥ t·∫£:ƒë√∫ng m√¥ tat
T√≠nh nƒÉng n·ªïi b·∫≠t:smartphone

Shop uy t√≠n, giao ƒë√∫ng h√†ng. ƒêi·ªán tho·∫°i ch√≠nh h√£ng, ƒë√≥ng g√≥i c·∫©n th·∫≠n.",5,P002,PL03
150,18291182009,2023-12-13,1039322456,"T√≠nh nƒÉng n·ªïi b·∫≠t:smart phone
ƒê√∫ng v·ªõi m√¥ t·∫£:ƒë√∫ng
Ch·∫•t l∆∞·ª£ng s·∫£n ph·∫©m:t·ªët

H√†ng ch√≠nh h√£ng, ƒë√≥ng g√≥i c·∫©n th·∫≠n, shop t∆∞ v·∫•n nhi·ªát t√¨nh",5,P002,PL03
151,18291182009,2023-11-16,1039322456,"ƒê√∫ng v·ªõi m√¥ t·∫£:shop ƒë√≥ng g·ªçi kƒ©
Ch·∫•t l∆∞·ª£ng s·∫£n ph·∫©m:ƒëi·ªÉm 10 cho ch·∫•t l∆∞·ª£ng
T√≠nh nƒÉng n·ªïi b·∫≠t:Hang Tot

H√†ng ƒë√∫ng m√† r·∫ª h∆°n th·ªã tr∆∞·ªùng nhi·ªÅu. Mai m·ªët ·ªßng h·ªô shop d√†i d√†i",5,P002,PL03
152,18291182009,2023-12-13,1039322456,"Giao nhanh , ƒëi√™n tho·∫°i th√¨ ch√≠nh h√£ng kh√¥ng ph·∫£i b√†n v·ªÅ ch·∫•t l∆∞·ª£ng , s·∫Ω ·ªßng h·ªô shop l√¢u d√†i !",5,P002,PL03
153,18291182009,2023-11-11,1039322456,"T√≠nh nƒÉng n·ªïi b·∫≠t:tot
ƒê√∫ng v·ªõi m√¥ t·∫£:dung
Ch·∫•t l∆∞·ª£ng s·∫£n ph·∫©m:chat luong",5,P002,PL03
154,18291182009,2023-09-29,1039322456,h√†ng ƒë·∫πp nguy√™n seal ƒë√∫ng v·ªõi m√¥ t·∫£  giao h√†ng nhanh an to√†n s·∫Ω ti·∫øp t·ª•c mua,5,P002,PL03
155,18291182009,2023-12-13,1039322456,ƒê√∫ng v·ªõi m√¥ t·∫£:qu√° ƒë√£ nha shop iu,5,P002,PL03
156,18291182009,2023-12-14,1039322456,"Shop giao h√†ng uy t√≠n, ƒë√£ ƒë·∫∑t c√°i t2 cho nh√† r·ªìi. S·∫Ω ·ªßng h·ªô d√†i d√†i",5,P002,PL03
157,18291182009,2023-10-12,1039322456,"Giao h√†ng nhanh 
ƒê√≥ng g√≥i ƒë·∫πp an to√†n",5,P002,PL03
158,18291182009,2023-12-13,1039322456,ƒê√∫ng v·ªõi m√¥ t·∫£:oh ze,5,P002,PL03
159,18291182009,2024-03-06,1039322456,C√°i c√¢y xanh xanh th√¨ l√° c≈©ng xanh chim ƒë·∫≠u tr√™n c√†nh chim h√≥t li√™u lo n·∫øu lo l√† l√≠u lo li√™u lo l√† l√≠u lo,5,P002,PL03
160,18291182009,2023-12-03,1039322456,T√≠nh nƒÉng n·ªïi b·∫≠t:x·ªãn,5,P002,PL03
161,18291182009,2023-12-03,1039322456,T√≠nh nƒÉng n·ªïi b·∫≠t:good,5,P002,PL03
162,18291182009,2023-12-13,1039322456,T√≠nh nƒÉng n·ªïi b·∫≠t:ok,5,P002,PL03
163,18291182009,2023-11-17,1039322456,ƒê√∫ng v·ªõi m√¥ t·∫£:ok,5,P002,PL03
164,18291182009,2023-11-13,1039322456,T√≠nh nƒÉng n·ªïi b·∫≠t:good,5,P002,PL03
165,18291182009,2024-02-01,1039322456,"Shop giao h√†ng nhanh, h√†ng ngon",5,P002,PL03
166,18291182009,2024-01-18,1039322456,,5,P002,PL03
167,18291182009,2023-12-03,1039322456,,5,P002,PL03
168,18291182009,2023-11-12,1039322456,,5,P002,PL03
169,18291182009,2023-12-14,1039322456,,5,P002,PL03
170,18291182009,2023-12-14,1039322456,,5,P002,PL03
171,18291182009,2024-01-17,1039322456,,5,P002,PL03
172,18291182009,2024-02-03,1039322456,,5,P002,PL03
173,18291182009,2023-10-26,1039322456,,5,P002,PL03
174,18291182009,2023-10-25,1039322456,,5,P002,PL03
175,18291182009,2023-12-13,1039322456,,5,P002,PL03
176,18291182009,2024-01-06,1039322456,,5,P002,PL03
177,18291182009,2023-12-03,1039322456,,5,P002,PL03
178,18291182009,2023-12-14,1039322456,,5,P002,PL03
179,18291182009,2023-12-14,1039322456,,5,P002,PL03
180,18291182009,2023-10-03,1039322456,,5,P002,PL03
181,18291182009,2023-11-02,1039322456,,5,P002,PL03
182,18291182009,2023-12-13,1039322456,,5,P002,PL03
183,18291182009,2024-01-24,1039322456,,5,P002,PL03
184,18291182009,2023-12-04,1039322456,,5,P002,PL03
185,18291182009,2023-12-28,1039322456,,5,P002,PL03
186,18291182009,2023-11-16,1039322456,,5,P002,PL03
187,18291182009,2023-12-27,1039322456,,5,P002,PL03
188,18291182009,2023-11-16,1039322456,,5,P002,PL03
189,18291182009,2023-09-28,1039322456,,5,P002,PL03
190,18291182009,2023-09-29,1039322456,,5,P002,PL03
191,18291182009,2023-09-28,1039322456,,5,P002,PL03
192,18291182009,2023-09-28,1039322456,,5,P002,PL03
193,18291182009,2023-10-13,1039322456,,5,P002,PL03
194,23382484634,2024-03-07,182298008,Vhvvnbcgbcgbcgvcghcynnfxdrhbcfvcgvdgvcgbcgvchvfhbvfvfgbvv,5,P002,PL03
195,23382484634,2024-01-03,182298008,,5,P002,PL03
196,23382484634,2024-01-30,182298008,,5,P002,PL03
197,23382484634,2024-02-28,182298008,,5,P002,PL03
198,23382484634,2024-02-22,182298008,,5,P002,PL03
199,23382484634,2024-03-21,182298008,,5,P002,PL03
200,23382484634,2023-12-06,182298008,,5,P002,PL03
201,23382484634,2023-12-05,182298008,,5,P002,PL03
202,23382484634,2023-10-29,182298008,,5,P002,PL03
203,23382484634,2023-11-03,182298008,,5,P002,PL03
204,23382484634,2024-01-03,182298008,,5,P002,PL03
205,23382484634,2024-01-05,182298008,,5,P002,PL03
206,23382484634,2024-02-29,182298008,,5,P002,PL03
207,20593143003,2024-01-14,42787830,ƒêi·ªán tho·∫°i ch·∫•t l∆∞·ª£ng oke.ƒë√≥ng h√†ng c·∫©n th·∫≠n giao h√†ng nhanh.s·∫Ω ·ªßng h·ªô ti·∫øp l·∫ßn t·ªõi,5,P002,PL03
208,20593143003,2024-01-04,42787830,,5,P002,PL03
209,20593143003,2024-03-09,42787830,,4,P002,PL03
210,20593143003,2024-02-29,42787830,,5,P002,PL03
211,20593143003,2024-02-28,42787830,,3,P002,PL03
212,20390644655,2023-12-09,48406301,"H√†ng ƒë·∫πp l·∫Øm ·∫°
Giao h√†ng nhanh
Ch·ªß shop nhi·ªát t√¨nh
Shipper th√¢n thi·ªán
( H√¨nh ·∫£nh v√† video ch·ªâ mang t√≠nh ch·∫•t nh·∫≠n xu ·∫° )",5,P002,PL03
213,20390644655,2023-07-31,48406301,s·∫£n ph·∫©m tuy·ªát c√† l√† v·ªùi giao h√†ng nhanh ƒë√≥ng g√≥i c·∫©n th·∫≠n n√™n mua nh√° c·∫£ nh√†,5,P002,PL03
214,20390644655,2023-12-12,48406301,"Ch·∫•t l∆∞·ª£ng s·∫£n ph·∫©m:tots

H√†ng ch√≠nh h√£ng shop r·∫•t ok",5,P002,PL03
215,20390644655,2023-11-16,48406301,"Em th·ª≠ nh√© m·ªôt l·∫ßn tr√™n t·∫•t c·∫£
Th·ª≠ bu√¥ng ƒëi nh·ªØng c·∫£m x√∫c ∆∞u phi·ªÅn
ƒê·ªÉ tr·ªü v·ªÅ v·ªõi gi·∫•c ng·ªß b√¨nh y√™n
Ch·∫≥ng nhung nh·ªõ nh·ªØng ƒëi·ªÅu g√¨ ƒë√£ m·∫•t
Em th·ª≠ nh√© g√≥i c√¥ ƒë∆°n v√† c·∫•t
ƒê√≥n ni·ªÅm vui v√† ng·∫Øm nh·ªØng ban mai
Ch·∫≥ng g·ªçi t√™n nh·ªØng bu·ªìn t·ªßi u ho√†i
Ch·ªù n·∫Øng m·ªõi m·ªói b√¨nh minh th·ª©c d·∫≠y
Em th·ª≠ nh√© l·∫•y n·ª• c∆∞·ªùi che ƒë·∫≠y
M·ªôt tr√°i tim c·ª©a ngh√¨n v·∫øt kh·ªï ƒëau
ƒê·ªÉ qu√™n ƒëi nh·ªØng t√†n √∫a, nh√°t nh√†u
ƒêau l·∫Øm ƒë·∫•y em v·∫´n c∆∞·ªùi t∆∞∆°i m√£i",5,P002,PL03
216,20390644655,2023-12-27,48406301,·∫£nh mang t√≠nh ch·∫•t nh·∫≠n xu k d√πng n√™n kbt,5,P002,PL03
217,20390644655,2023-12-16,48406301,Tuy·ªát v·ªùi,5,P002,PL03
218,20390644655,2023-12-27,48406301,,5,P002,PL03
219,20390644655,2023-11-15,48406301,,5,P002,PL03
220,20390644655,2023-12-18,48406301,,5,P002,PL03
221,20390644655,2023-12-14,48406301,,5,P002,PL03
222,20390644655,2024-01-17,48406301,,5,P002,PL03
223,20390644655,2024-03-01,48406301,,5,P002,PL03
224,20390644655,2024-03-25,48406301,,5,P002,PL03
225,20390644655,2024-01-20,48406301,,5,P002,PL03
226,20390644655,2023-12-14,48406301,,5,P002,PL03
227,20390644655,2023-11-07,48406301,,5,P002,PL03
228,20390644655,2023-10-18,48406301,,5,P002,PL03
229,20390644655,2023-08-01,48406301,,5,P002,PL03
230,20390644655,2023-12-19,48406301,,5,P002,PL03
231,20390644655,2023-07-31,48406301,,5,P002,PL03
232,20390644655,2023-07-31,48406301,,5,P002,PL03
233,20390644655,2023-11-16,48406301,,5,P002,PL03
234,20390644655,2023-11-13,48406301,,5,P002,PL03
235,20390644655,2023-10-30,48406301,,5,P002,PL03
236,20390644655,2023-10-31,48406301,,5,P002,PL03
237,20390644655,2023-11-15,48406301,,5,P002,PL03
238,20390644655,2023-07-29,48406301,,5,P002,PL03
239,20390644655,2023-07-31,48406301,,5,P002,PL03
240,20390644655,2023-10-22,48406301,,5,P002,PL03
241,20390644655,2023-10-18,48406301,,5,P002,PL03
242,20390644655,2023-10-19,48406301,,5,P002,PL03
243,20390644655,2023-10-19,48406301,,5,P002,PL03
244,24603675737,2024-02-22,45958676,Giao h√†ng nhanh. M√¨nh ƒë·∫∑t v·ªÅ c∆° quan ch∆∞a nh·∫≠n h√†ng. S·∫Ω review ch·∫•t l∆∞·ª£ng sau,5,P002,PL03
245,24603675737,2024-03-15,45958676,,5,P002,PL03
246,24603675737,2024-03-15,45958676,,5,P002,PL03
247,24603675737,2024-03-12,45958676,,5,P002,PL03
248,17197718277,2023-09-18,1013588070,"Ch·∫•t l∆∞·ª£ng s·∫£n ph·∫©m:tot
ƒê√∫ng v·ªõi m√¥ t·∫£:dung

Shop giao h√†ng nhanh, ƒë√≥ng g√≥i c·∫©n th·∫≠n, shop nhi·ªát t√¨nh h·ªó tr·ª£ ƒë·ªïi m√†u n·ªØa, h√†ng oke qu√° ·ªïn. S·∫Ω ·ªßng h·ªô ti·∫øp",5,P002,PL03
249,17197718277,2023-07-09,1013588070,"T·ª´ tr∆∞·ªõc gi·ªù v·∫´n th√≠ch d√πng samsung h∆°n c√°c d√≤ng kh√°c. M√†u t√≠m ki·ªÉu pastel, r·∫•t ƒë·∫πp, ∆∞ng c√°i b·ª•ng, m√†u xinh x·ªâu lu√¥n √°. S23 ch·ª•p ·∫£nh ph√≥ng to v·∫´n s·∫Øc n√©t, m√™ x·ªâu. B√∫t S-pen th√¨ kh√¥ng ph·∫£i b√†n, th√≠ch d√πng b√∫t l·∫Øm lu√¥n √°.",5,P002,PL03
250,17197718277,2023-09-17,1013588070,"ƒê√∫ng v·ªõi m√¥ t·∫£:S23
T√≠nh nƒÉng n·ªïi b·∫≠t:T·ªët
Ch·∫•t l∆∞·ª£ng s·∫£n ph·∫©m:∆Øng

M√¨nh mua 1 m√†u t√≠m r√πi, th·∫•y ∆∞ng qu√° ƒë·∫∑t th√™m 1 chi·∫øc m√†u kem cho b·ªë,b·ªë th√≠ch l·∫Øm, m√°y nh∆∞ h√¨nh, t·∫•t c·∫£ ƒë·ªÅu t·ªët , giao h√†ng nhanh, m·ªçi ng∆∞·ªùi l√™n mua nh√©",5,P002,PL03
251,17197718277,2023-08-17,1013588070,"Ch·∫•t l∆∞·ª£ng s·∫£n ph·∫©m:t·ªët
T√≠nh nƒÉng n·ªïi b·∫≠t:H√†ng r·∫•t t·ªët
ƒê√∫ng v·ªõi m√¥ t·∫£:√Ωe

S·∫£n ph·∫©m ch·∫•t l∆∞·ª£ng , ch√≠nh h√£ng mn y√™n t√¢m nha",5,P002,PL03
252,17197718277,2023-08-26,1013588070,"T√≠nh nƒÉng n·ªïi b·∫≠t:San pham tot
Ch·∫•t l∆∞·ª£ng s·∫£n ph·∫©m:chat luong tot

M√¨nh t√≠ch m√†u n√†y l√¢u l·∫Øm r√πi, nay m√≠ d√°m ƒë·∫∑t, giao h√†ng nhanh, ƒë√°ng ƒë·ªÉ mua ü•∞ m·ªçi ng∆∞·ªùi mua nhanh ƒë∆∞·ª£c gi√° ∆∞u ƒë√£i ü™¥",5,P002,PL03
253,17197718277,2023-09-19,1013588070,"T√≠nh nƒÉng n·ªïi b·∫≠t:h√†ng cao c·∫•p
ƒê√∫ng v·ªõi m√¥ t·∫£:ƒë√∫ng
Ch·∫•t l∆∞·ª£ng s·∫£n ph·∫©m:t·ªët

Shop giao h√†ng nhanh, h·ªó tr·ª£ nhi√™t t√¨nh, kh√¥ng c√≥ m√†u xanh ƒë√£ ch·ªçn nh∆∞ng chuy·ªÉn sang m√†u graphine c≈©ng ƒë·∫πp, check th√¨ th·∫•y dc k√≠ch ho·∫°t t·ª´ ƒë·∫ßu th√°ng, video m√†ng t√≠nh ch·∫•t m√¨nh h·ªçc do l∆∞·ªùi quay",5,P002,PL03
254,17197718277,2023-09-17,1013588070,"ƒê√∫ng v·ªõi m√¥ t·∫£:ƒë√∫ng
T√≠nh nƒÉng n·ªïi b·∫≠t:th√¥ng minh
Ch·∫•t l∆∞·ª£ng s·∫£n ph·∫©m:t·ªët

S·∫£n ph·∫©m ch√≠nh h√£ng. H√†ng ƒë·∫πp, d√πng m∆∞·ª£t. SƒÉn sale ƒë∆∞·ª£c gi√° t·ªët. Giao h√†ng nhanh, g√≥i h√†ng ok, b·∫£o h√†nh ƒëi·ªán t·ª≠ m·ªõi k√≠ch ho·∫°t trc m·∫•y h√¥m n√™n v·∫´n ƒë·ªß 12 th√°ng. Ch√∫c shop bu√¥n may b√°n ƒë·∫Øt.",5,P002,PL03
255,17197718277,2023-07-09,1013588070,"ƒê√∫ng v·ªõi m√¥ t·∫£:samsung th√¨ mi·ªÖn ch√™ r·ªìi ace ·∫°
Ch·∫•t l∆∞·ª£ng s·∫£n ph·∫©m:tr√™n c·∫£ tuy·ªát v·ªùi
T√≠nh nƒÉng n·ªïi b·∫≠t:all in one

S·∫Ω ·ªßng h·ªô shop ƒë·ªÉ m·ªçi ng∆∞·ªùi bi·∫øt ƒë·∫øn s·∫£n ph·∫©m n√†y",5,P002,PL03
256,17197718277,2023-11-18,1013588070,"Ch·∫•t l∆∞·ª£ng s·∫£n ph·∫©m:t·ªët
ƒê√∫ng v·ªõi m√¥ t·∫£:ƒê√∫ng m·∫´u m√£ ƒë·∫∑t h√†ng
T√≠nh nƒÉng n·ªïi b·∫≠t:ch·ª•p ·∫£nh

Giao h√†ng nhanh, g√≥i h√†ng c·∫©n th·∫≠n.
H√†ng m·ªõi nguy√™n seal. Ch·ª•p ·∫£nh tuy·ªát v·ªùi",5,P002,PL03
257,17197718277,2023-12-15,1013588070,"ƒê√∫ng v·ªõi m√¥ t·∫£:ƒë√∫ng
Ch·∫•t l∆∞·ª£ng s·∫£n ph·∫©m:tuy·ªát

ƒëi·ªán tho·∫°i ƒë·∫πp, giao di·ªán r·∫•t b·∫Øt m·∫Øt, text th·ª≠ th·∫•y m√°y ch·∫°y m∆∞·ª£t, nh·∫°y, camera ch·ª•p h√¨nh ·∫£nh s·∫Øc n√©t ƒë·∫πp. shop th√¨ t∆∞ v·∫•n nhi·ªát t√¨nh, ƒë√≥ng g√≥i c·∫©n th·∫≠n ƒë·∫ßy ƒë·ªß ph·ª• ki·ªán k√®m theo, giao h√†ng r·∫•t nhanh, shipper th√¨ r·∫•t c·∫©n tr·ªçng khi giao h√†ng v√† r·∫•t d·ªÖ thu∆°ng n√®. sƒÉn ƒëc sale c·ªßa shoppe mua ƒëc m√°y qu√° ngon, ∆∞ng l·∫Øm lu√¥n √≠. ch·∫•t lu·ª£ng d·ªãch v·ª• r·∫•t t·ªët cho 5* ko c√≥ nh∆∞ng n√®",5,P002,PL03
258,17197718277,2023-09-28,1013588070,"Ch·∫•t l∆∞·ª£ng s·∫£n ph·∫©m:tot
ƒê√∫ng v·ªõi m√¥ t·∫£:ƒë√∫ng
T√≠nh nƒÉng n·ªïi b·∫≠t:s·∫Øc n√©t

Giao h√†ng nhanh uy t√≠n ch·∫•t l∆∞·ª£ng sp t·ªët c·∫£m ∆°n shop",5,P002,PL03
259,17197718277,2023-12-02,1013588070,"Ch·∫•t l∆∞·ª£ng s·∫£n ph·∫©m:R·∫•t ok
ƒê√∫ng v·ªõi m√¥ t·∫£:ƒë√∫ng
T√≠nh nƒÉng n·ªïi b·∫≠t:m∆∞·ª£t m√† ,h√¨nh ·∫£nh s·∫Øc n√©t

Giao  h√†ng nhanh ƒë√∫ng sp s·∫Ω ·ªßng h·ªô shop ,n√™n mua",5,P002,PL03
260,17197718277,2023-10-24,1013588070,"Ch·∫•t l∆∞·ª£ng s·∫£n ph·∫©m:omg

S·ªãn s√≤ lu√¥n √° c√≤n c√≥ qu√† t·∫∑ng c·ªôt s·ªëng n·ªØa . Tr·ªùi ∆°i shop c√≥ t√¢m gh√™. Shipper c≈©ng th√¢n thi·ªán n·ªØa ch·ªõ . Kh·ªèi che",5,P002,PL03
261,17197718277,2023-07-22,1013588070,"ƒê√≥ng g√≥i ƒë·∫πp v√† ch·∫Øc ch·∫Øn 
Giao h√†ng nhanh ·∫° 
Y h√¨nh, d·ªÖ d√πng, nh·∫°y
Shop ph√πng v·ª• t·ªët !! 
N√≥i chung l√† r·∫•t h√†i l√≤ng ·∫°",5,P002,PL03
262,17197718277,2023-09-11,1013588070,"Ch·∫•t l∆∞·ª£ng s·∫£n ph·∫©m:ok
T√≠nh nƒÉng n·ªïi b·∫≠t:ok
ƒê√∫ng v·ªõi m√¥ t·∫£:ok

S·∫£n ph·∫©m r·∫•t m∆∞·ª£t, c√°c t√≠nh nƒÉng d·∫ßy ƒë·ªß, ch·ªëng n∆∞·ªõc , ch·ªëng va ƒë·∫≠p m·∫°nh, pin s·ª≠ d·ª•ng l√¢u , c√≥ b·∫£o h√†nh d·∫•y du",5,P002,PL03
263,17197718277,2023-09-12,1013588070,"T√≠nh nƒÉng n·ªïi b·∫≠t:t·ªëi
ƒê√∫ng v·ªõi m√¥ t·∫£:dung voi mo ta
Ch·∫•t l∆∞·ª£ng s·∫£n ph·∫©m:ch·∫•t l∆∞·ª£ng t·ªët

H√¨nh ·∫£nh v√† video ƒë·ªÉ nh·∫≠n xu th√¥i ·∫°",5,P002,PL03
264,17197718277,2023-10-29,1013588070,"T√≠nh nƒÉng n·ªïi b·∫≠t:ƒëi·ªán tho·∫°i th√¥ng minh
ƒê√∫ng v·ªõi m√¥ t·∫£:y h√¨nh nha
Ch·∫•t l∆∞·ª£ng s·∫£n ph·∫©m:oke l·∫Øm

S·∫£n ph·∫©m ch√≠nh h√£ng d√πng r·∫•t oke v√† m∆∞·ª£t ·∫°( h√¨nh ·∫£nh mang t√≠nh ch·∫•t minh ho·∫°)",5,P002,PL03
265,17197718277,2023-09-26,1013588070,"ƒê√∫ng v·ªõi m√¥ t·∫£:dung voi mo ta nhu hinh anh
Ch·∫•t l∆∞·ª£ng s·∫£n ph·∫©m:ch·∫•t l∆∞·ª£ng s·∫£n ph·∫©m r·∫•t t·ªët
T√≠nh nƒÉng n·ªïi b·∫≠t:t√≠nh nƒÉng n·ªïi b·∫≠t",5,P002,PL03
266,17197718277,2023-07-10,1013588070,"Ch·∫•t l∆∞·ª£ng s·∫£n ph·∫©m:s·∫£n ph·∫©m ch√≠nh h√£ng
T√≠nh nƒÉng n·ªïi b·∫≠t:m√°y ƒë·∫πp
ƒê√∫ng v·ªõi m√¥ t·∫£:ƒë√∫ng v·ªõi m√¥ t·∫£

M√°y ƒë·∫πp, ch√≠nh h√£ng",5,P002,PL03
267,17197718277,2023-08-17,1013588070,ƒê√£ nh·∫≠n ƒëc h√†ng.m√†u s·∫Øc ch·∫•t l∆∞·ª£ng ƒë√∫ng √Ω m√¨nh mong mu·ªën.shop t∆∞ v·∫•n r·∫•t nhi·ªát t√¨nh nha,5,P002,PL03
268,17197718277,2023-09-15,1013588070,"Si√™u ƒë·∫πp. Shop d·ªÖ th∆∞∆°ng, t∆∞ v·∫•n nhi·ªát t√¨nh. 10 ƒëi·ªÉm.",5,P002,PL03
269,17197718277,2023-08-16,1013588070,M√†n h√¨nh r·ªông ƒë·ªô n√©t cao m∆∞·ª£n ƒë√∫ng ti·ªÅn n√†o c·ªßa ·∫•y,5,P002,PL03
270,17197718277,2024-01-26,1013588070,"Ch·∫•t l∆∞·ª£ng s·∫£n ph·∫©m:ƒë·∫£m b·∫£o ok ch·∫•t l∆∞·ª£ng s·∫£n ph·∫©m
T√≠nh nƒÉng n·ªïi b·∫≠t:t√≠nh nƒÉng n·ªïi b·∫≠t
ƒê√∫ng v·ªõi m√¥ t·∫£:ƒë√∫ng v·ªõi m√¥ t·∫£",5,P002,PL03
271,17197718277,2023-07-09,1013588070,"S·∫£n ph·∫©m t·ªët, ch·∫•t l∆∞·ª£ng tuy·ªát v·ªùi. Shop uy t√≠n!!",5,P002,PL03
272,17197718277,2023-10-17,1013588070,M√°y ƒë√∫ng m√¥ t·∫£ c·ªßa shop. Ch·ª•p ·∫£nh v·ªõi quay video n√©t cƒÉng lu√¥n nha,5,P002,PL03
273,17197718277,2023-08-18,1013588070,"Ch·∫•t l∆∞·ª£ng s·∫£n ph·∫©m:h√†ng ch·∫•t l∆∞·ª£ng, nguy√™n seal, shop t∆∞ v·∫•n nhi·ªát t√¨nh, uy t√≠n",5,P002,PL03
274,17197718277,2023-12-11,1013588070,"s·∫£n ph·∫©m d√πng t·ªët, s·∫Ω mua l·∫°i nhi·ªÅu l·∫ßn! 5 sao cho shop v√† th√°i ƒë·ªô ph·ª•c v·ª•",5,P002,PL03
275,17197718277,2023-08-27,1013588070,M√¨nh mua r·∫•t nhi·ªÅu l·∫ßn. Shop t∆∞ v·∫•n nhi·ªát t√¨nh ƒë√≥ng g√≥i c·∫©n th·∫≠n. Ship r·∫•t nhanh,5,P002,PL03
276,17197718277,2023-10-17,1013588070,Giao h√†ng nhanh ƒë√≥ng g√≥i c·∫©n th√¢n n√™n mua nha m·ªçi ng∆∞·ªùi . Ship nhanh,5,P002,PL03
277,17197718277,2023-12-02,1013588070,"ƒê√∫ng v·ªõi m√¥ t·∫£:ƒë√∫ng v·ªõi m√¥ t·∫£
T√≠nh nƒÉng n·ªïi b·∫≠t:m∆∞·ª£t m√† s·∫Øc n√©t
Ch·∫•t l∆∞·ª£ng s·∫£n ph·∫©m:t·ªët

N√™n mua nha",5,P002,PL03
278,17197718277,2023-10-04,1013588070,"ƒê√≥nh g√≥i ch·∫Øc ch·∫Øn , c·∫©n th·∫≠n , giao ƒë√∫ng m√†u v√† ƒë√∫ng lo·∫°i , sƒÉn sale n√™n gi√° t√≥it",5,P002,PL03
279,17197718277,2023-10-04,1013588070,"ƒê√≥nh g√≥i ch·∫Øc ch·∫Øn , c·∫©n th·∫≠n , giao ƒë√∫ng m√†u v√† ƒë√∫ng lo·∫°i , sƒÉn sale n√™n gi√° t√≥it",5,P002,PL03
280,17197718277,2023-10-05,1013588070,"T√≠nh nƒÉng n·ªïi b·∫≠t:m√†u ƒë·∫πp
ƒê√∫ng v·ªõi m√¥ t·∫£:ƒë√∫ng v·ªõi m√¥ t·∫£
Ch·∫•t l∆∞·ª£ng s·∫£n ph·∫©m:r·∫•t t·ªët",5,P002,PL03
281,17197718277,2024-03-16,1013588070,"T√≠nh nƒÉng n·ªïi b·∫≠t:t·ªët
ƒê√∫ng v·ªõi m√¥ t·∫£:ƒë·∫πp
Ch·∫•t l∆∞·ª£ng s·∫£n ph·∫©m:ƒë·∫°t",5,P002,PL03
282,17197718277,2023-10-21,1013588070,"M√°y s√†i m∆∞·ª£t,ch·ª•p ·∫£nh khi khi ƒë·∫∑t h·ªèi mua shop t∆∞ v·∫•n nhi·ªát t√¨nh",5,P002,PL03
283,17197718277,2023-11-13,1013588070,"S·∫£n ph·∫©m ch√≠nh h√£ng, ch·∫•t l∆∞·ª£ng,shop t∆∞ v·∫•n nhi·ªát t√¨nh,giao h√†ng nhanh",5,P002,PL03
284,17197718277,2023-10-02,1013588070,"Giao h√†ng nhanh 
ƒê√≥ng g√≥i c·∫©n th·∫≠n 
S·∫£n ph·∫©m uy t√≠n
S·∫Ω ·ªßng h·ªô ti·∫øp",5,P002,PL03
285,17197718277,2023-10-26,1013588070,"S·∫£n ph·∫©m ch·∫•t l∆∞·ª£ng,shop t∆∞ v·∫•n h·ªó tr·ª£ nhi·ªát t√¨nh,giao h√†ng nhanh",5,P002,PL03
286,17197718277,2023-10-05,1013588070,"Ch·∫•t l∆∞·ª£ng s·∫£n ph·∫©m:si√™u ph·∫©m
ƒê√∫ng v·ªõi m√¥ t·∫£:ƒë·∫πp
T√≠nh nƒÉng n·ªïi b·∫≠t:ƒë·∫πp",5,P002,PL03
287,17197718277,2023-09-16,1013588070,Giao h√†ng nhanh ƒë√≥ng g√≥i s·∫£n ph·∫©m ch·∫Øc ch·∫Øn n√™n mua nha m·ªçi ng∆∞·ªùi,5,P002,PL03
288,17197718277,2023-09-05,1013588070,Ch·∫•t l∆∞·ª£ng s·∫£n ph·∫©m tuy·ªát v·ªùi giao h√†ng nhanh s·∫Ω ·ªßng h·ªô shop nhi·ªÅu,5,P002,PL03
289,17197718277,2023-09-26,1013588070,"T√≠nh nƒÉng n·ªïi b·∫≠t:t·ªët
ƒê√∫ng v·ªõi m√¥ t·∫£:ok
Ch·∫•t l∆∞·ª£ng s·∫£n ph·∫©m:t·ªët",5,P002,PL03
290,17197718277,2023-08-26,1013588070,Giao h√†ng nhanh. ƒê√≥ng g√≥i c·∫≠n th·∫≠n n√™n mua nh√© m·ªçi ng∆∞·ªùi hahaha..,5,P002,PL03
291,17197718277,2023-11-15,1013588070,"ƒê√∫ng v·ªõi m√¥ t·∫£:s·∫£n ph·∫©m ƒë√∫ng v·ªõi m√¥ t·∫£
T√≠nh nƒÉng n·ªïi b·∫≠t:tinh nawng noi bat
Ch·∫•t l∆∞·ª£ng s·∫£n ph·∫©m:ch·∫•t l∆∞·ª£ng s·∫£n ph·∫©m t·ªët",5,P002,PL03
292,17197718277,2023-11-15,1013588070,"ƒê√∫ng v·ªõi m√¥ t·∫£:s·∫£n ph·∫©m ƒë√∫ng v·ªõi m√¥ t·∫£
Ch·∫•t l∆∞·ª£ng s·∫£n ph·∫©m:ch·∫•t l∆∞·ª£ng s·∫£n ph·∫©m t·ªët
T√≠nh nƒÉng n·ªïi b·∫≠t:tinh nawng noi bat",5,P002,PL03
293,17197718277,2023-08-17,1013588070,"Ch·∫•t l∆∞·ª£ng s·∫£n ph·∫©m:T·ªët
ƒê√∫ng v·ªõi m√¥ t·∫£:ƒê√∫ng m√¥ t·∫£

ƒêi·ªán tho·∫°i ch·∫•t l∆∞·ª£ng t·ªët, s·∫Ω ·ªßng h·ªô shop l·∫ßn sau n·ªØa",5,P002,PL03
294,17197718277,2024-02-22,1013588070,M√°y ƒë·∫πp v√† m∆∞·ª£t l·∫Øm ·∫° m·ªçi ng∆∞·ªùi l√™n mua ·∫°.e cho shop 6 sao lu√¥n ·∫°.,5,P002,PL03
295,17197718277,2024-02-22,1013588070,M√°y ƒë·∫πp v√† m∆∞·ª£t l·∫Øm ·∫° m·ªçi ng∆∞·ªùi l√™n mua ·∫°.e cho shop 8 sao lu√¥n ·∫°.,5,P002,PL03
296,17197718277,2024-02-12,1013588070,"Giao h√†ng nhanh, ƒë√∫ng s·∫£n ph·∫©m, n√™n mua nha m·ªçi ng∆∞·ªùi, s·∫Ω ·ªßng h·ªô",5,P002,PL03
297,17197718277,2023-12-14,1013588070,"S·∫£n ph·∫©m ch·∫•t l∆∞·ª£ng, ch√≠nh h√£ng,shop nhi·ªát t√¨nh t∆∞ v·∫•n, tuy·ªát v·ªùi ·∫°",5,P002,PL03
298,17197718277,2023-10-21,1013588070,"S·∫£n ph·∫©m tuy·ªát v·ªùi, shop t∆∞ v·∫•n nhi·ªát t√¨nh v√† chu ƒë√°o l·∫Øm ·∫°",5,P002,PL03
299,17197718277,2023-10-02,1013588070,"ƒê√∫ng v·ªõi m√¥ t·∫£:h√†ng t·ªët
Ch·∫•t l∆∞·ª£ng s·∫£n ph·∫©m:ngon

Wa ƒë√£ s·∫£n ph·∫©m tuy·ªát v·ªùi",5,P002,PL03
300,17197718277,2023-09-14,1013588070,"H√†ng chu·∫©n x·ªãn s√≤, shop t∆∞ v·∫•n nhi·ªát t√¨nh, l·∫ßn sau s·∫Ω ·ªßng h·ªô ti·∫øp",5,P002,PL03
301,17197718277,2023-12-16,1013588070,"S·∫£n ph·∫©m ch·∫•t l∆∞·ª£ng, ch√≠nh h√£ng,shop t∆∞ v·∫•n nhi·ªát t√¨nh",5,P002,PL03
302,17197718277,2023-09-13,1013588070,"Shop giao h√†ng nhanh,sp ƒë√∫ng m√¥ t·∫£.dt m∆∞·ª£t l·∫Øm nh√© shop",5,P002,PL03
303,17197718277,2023-10-26,1013588070,"ƒê√∫ng v·ªõi m√¥ t·∫£:dung
Ch·∫•t l∆∞·ª£ng s·∫£n ph·∫©m:dung

ƒê√£ test th·ª≠ . Trc mua c·ªßa shop 1 l·∫ßn r·ªìi , ƒë·∫£m b·∫£o uy t√≠n",5,P002,PL03
304,17197718277,2024-01-31,1013588070,"ƒê√∫ng v·ªõi m√¥ t·∫£:ƒê√∫ng v·ªõi m√¥ t·∫£aaa
T√≠nh nƒÉng n·ªïi b·∫≠t:t√≠nh nƒÉng n·ªïi b·∫≠tttt
Ch·∫•t l∆∞·ª£ng s·∫£n ph·∫©m:ch·∫•t l∆∞·ª£ng s·∫£n ph·∫©mmmmm",5,P002,PL03
305,17197718277,2023-07-11,1013588070,H√†ng qu√° ch·∫•t l∆∞·ª£ng. Qu√° tuy·ªát v·ªùi. L·∫ßn ƒë·∫ßu mua c·ªßa shop m√† tr√™n c·∫£ tuy·ªát v·ªùi,5,P002,PL03
306,17197718277,2023-11-06,1013588070,"k c√≥ c√°ch g√¨ ngo√†i vc v·ªÅ g·ªëc b ah
m·∫•y m√°y TQ ch·∫°y rom qte to√†n th·∫•y tr√¨nh g·ªçi ƒëi·ªán tin nh·∫Øn c·ªßa google h·∫øt, n√™n b·ªè h·∫øt ph·∫ßn ghi",5,P002,PL03
307,17197718277,2023-07-09,1013588070,H√†ng ƒë·∫πp qu√° Shop ∆°i,5,P002,PL03
308,17197718277,2023-07-09,1013588070,S·∫£n ph·∫©m tuy·ªát v·ªùi. gi√° c·∫£ ph·∫£i ch·∫≥ng.,5,P002,PL03
309,17197718277,2023-10-02,1013588070,r·∫•t x·ªãn v√† ch·∫•t l∆∞·ª£ng nha mik mua 2 c√°i r·ªìi d√πng r·∫•t ·ªïn,5,P002,PL03
310,17197718277,2023-10-06,1013588070,,5,P002,PL03
311,17197718277,2023-10-06,1013588070,,5,P002,PL03
312,17197718277,2023-11-13,1013588070,"M·∫π n√≥i v·ªõi c√¥ s·∫Øp t·ªõi m·∫π ph·∫£i chuy·ªÉn tr∆∞·ªùng cho em, nay v√¥ t√¨nh check cam th√¨ th·∫•y c·∫£nh n√†y ü•∞
Video: Li√™n",5,P002,PL03
313,17197718277,2023-09-26,1013588070,"Giao h√†ng nhanh
Shop t·∫≠n t√¨nh chu ƒë√°o",5,P002,PL03
314,17197718277,2023-11-11,1013588070,"Giao h√†ng nhanh
Shop uy t√≠n",5,P002,PL03
315,17197718277,2023-09-19,1013588070,"Ch·∫•t l∆∞·ª£ng cao, d√πng t·ªët",5,P002,PL03
316,17197718277,2023-07-09,1013588070,"Giao nhanh, ƒë√≥ng h√†ng c·∫©n th·∫≠n",5,P002,PL03
317,17197718277,2024-01-30,1013588070,SƒÉn dc gi√° h·ªùi s∆∞·ªõng qu√° ƒëi.C·∫£m ∆°n shop nha,5,P002,PL03
318,17197718277,2023-09-16,1013588070,"ƒê√≥ng g√≥i c·∫©n th·∫≠n , sau ·ªßng h·ªô ti·∫øp",5,P002,PL03
319,17197718277,2023-10-02,1013588070,shop t∆∞ v·∫•n nhi·ªát t√¨nh l·∫Øm nhe,5,P002,PL03
320,17197718277,2023-09-18,1013588070,ƒê√£ mua nhieu l·∫ßn. Shop uy t√≠n,5,P002,PL03
321,17197718277,2023-12-14,1013588070,m√°y m∆∞·ª£t ƒë·∫πp d√πng x·ªãn,5,P002,PL03
322,17197718277,2023-07-09,1013588070,S·∫£n ph·∫©m ok ƒë√≥ng g√≥i c·∫≠n th·∫≠n,5,P002,PL03
323,17197718277,2024-01-31,1013588070,SƒÉn dc r·∫ª qu√° s∆∞·ªõng lu√¥n.C·∫£m ∆°n shop nha,5,P002,PL03
324,17197718277,2023-10-29,1013588070,"S·∫£n ph·∫©m t·ªët, gi·ªëng v·ªõi qu·∫£ng c√°o",5,P002,PL03
325,17197718277,2023-10-14,1013588070,"s·∫£n ph·∫©m t·ªët ,ph√π h·ª£p v·ªõi gi√° ti·ªÅn",5,P002,PL03
326,17197718277,2023-09-26,1013588070,Sp t·ªët x·ª©ng dxangs 5sao,5,P002,PL03
327,17197718277,2023-09-26,1013588070,Sp t√≥t x·ª©ng ƒë√°ng 5sao,5,P002,PL03
328,17197718277,2023-09-08,1013588070,S·∫£n ph·∫©m qu√° ok ·∫°,5,P002,PL03
329,17197718277,2023-07-10,1013588070,,5,P002,PL03
330,17197718277,2023-07-09,1013588070,"ƒê√∫ng gu e ƒë√¢y r√πi
T√≠m m·ªông m∆° üòòüòòüòòüòò",5,P002,PL03
331,17197718277,2023-07-09,1013588070,Ti·∫øp t·ª•c ·ªßng h·ªô SHOP,5,P002,PL03
332,17197718277,2023-09-11,1013588070,,5,P002,PL03
333,17197718277,2024-02-29,1013588070,H√¨nh ·∫£nh v√† video ch·ªâ mang t√≠nh ch·∫•t minh h·ªça th√¥i nha m·ªçi ng∆∞·ªùi ch·∫•t l∆∞·ª£ng s·∫£n ph·∫©m tuy·ªát v·ªùi kh√¥ng c√≥ g√¨ ch√™ nha,5,P002,PL03
334,17197718277,2023-09-27,1013588070,"T√≠nh nƒÉng n·ªïi b·∫≠t:tinh nang noi bat
Ch·∫•t l∆∞·ª£ng s·∫£n ph·∫©m:ch·∫•t l∆∞·ª£ng s·∫£n ph·∫©m c·ªßa shop r·∫•t t·ªët
ƒê√∫ng v·ªõi m√¥ t·∫£:giao h√†ng ƒë√∫ng v·ªõi m√¥ t·∫£",5,P002,PL03
335,17197718277,2023-09-01,1013588070,,5,P002,PL03
336,17197718277,2023-12-16,1013588070,D√πng t·ªët,5,P002,PL03
337,17197718277,2023-09-29,1013588070,Ch·∫•t l∆∞·ª£ng s·∫£n ph·∫©m:t·ªët,5,P002,PL03
338,17197718277,2023-08-26,1013588070,Ch·∫•t l∆∞·ª£ng s·∫£n ph·∫©m:t·ªët,5,P002,PL03
339,17197718277,2023-07-09,1013588070,shop uy t√≠n,5,P002,PL03
340,17197718277,2023-10-30,1013588070,ch·∫•t l∆∞·ª£ng mua shop nhi·ªÅu l·∫ßn r·ªìi.5 sao nhe,5,P002,PL03
341,17197718277,2023-12-14,1013588070,H√†ng t·ªët rats ok,5,P002,PL03
342,17197718277,2024-01-28,1013588070,H√†ng Ch·∫•t L∆∞·ª£ng Cao,5,P002,PL03
343,17197718277,2024-01-29,1013588070,Ok nha shop,5,P002,PL03
344,17197718277,2023-11-21,1013588070,s·∫£n ph·∫©m t·ªët,5,P002,PL03
345,17197718277,2023-08-03,1013588070,10 ƒëi·ªÉm ko c√≥ nh∆∞ng üòç,5,P002,PL03
346,17197718277,2024-01-26,1013588070,H√†ng T·ªët,5,P002,PL03
347,17197718277,2024-01-31,1013588070,H√†ng ƒë·∫πp,5,P002,PL03
348,17197718277,2023-12-14,1013588070,Hang t√≥thsh,5,P002,PL03
349,17197718277,2023-09-12,1013588070,H√†ng ch·∫•t l∆∞·ª£ng,5,P002,PL03
350,17197718277,2023-09-08,1013588070,R·∫•t tuy·ªát ·∫°,5,P002,PL03
351,17197718277,2023-09-28,1013588070,M√°y ƒë·∫πp,5,P002,PL03
352,17197718277,2023-07-29,1013588070,Okela lun,5,P002,PL03
353,17197718277,2023-07-22,1013588070,Sp ok,5,P002,PL03
354,17197718277,2023-08-29,1013588070,Ok,5,P002,PL03
355,17197718277,2023-08-28,1013588070,T·ªët,5,P002,PL03
356,17197718277,2023-08-28,1013588070,Y,5,P002,PL03
357,17197718277,2023-08-26,1013588070,Good,5,P002,PL03
358,17197718277,2023-07-10,1013588070,T·ªët,5,P002,PL03
359,17197718277,2023-10-24,1013588070,,5,P002,PL03
360,17197718277,2023-08-01,1013588070,,5,P002,PL03
361,17197718277,2023-09-02,1013588070,,5,P002,PL03
362,17197718277,2023-09-18,1013588070,,5,P002,PL03
363,17197718277,2023-09-27,1013588070,,5,P002,PL03
364,17197718277,2023-08-16,1013588070,,5,P002,PL03
365,17197718277,2023-08-16,1013588070,,5,P002,PL03
366,17197718277,2023-12-13,1013588070,,5,P002,PL03
367,17197718277,2023-12-13,1013588070,,5,P002,PL03
368,17197718277,2023-09-29,1013588070,,5,P002,PL03
369,17197718277,2023-10-02,1013588070,,5,P002,PL03
370,17197718277,2023-09-17,1013588070,,5,P002,PL03
371,17197718277,2023-09-18,1013588070,,5,P002,PL03
372,17197718277,2023-09-18,1013588070,,5,P002,PL03
373,17197718277,2023-08-26,1013588070,,5,P002,PL03
374,17197718277,2023-09-16,1013588070,,5,P002,PL03
375,17197718277,2023-09-11,1013588070,,5,P002,PL03
376,17197718277,2023-09-11,1013588070,,5,P002,PL03
377,17197718277,2023-09-05,1013588070,,5,P002,PL03
378,17197718277,2023-09-19,1013588070,,5,P002,PL03
379,17197718277,2023-09-28,1013588070,,5,P002,PL03
380,17197718277,2024-01-26,1013588070,,5,P002,PL03
381,17197718277,2023-10-21,1013588070,,5,P002,PL03
382,17197718277,2023-09-27,1013588070,,5,P002,PL03
383,17197718277,2023-09-21,1013588070,,5,P002,PL03
384,17197718277,2023-09-11,1013588070,,5,P002,PL03
385,17197718277,2023-08-17,1013588070,,5,P002,PL03
386,17197718277,2023-09-12,1013588070,,5,P002,PL03
387,17197718277,2023-08-29,1013588070,,5,P002,PL03
388,17197718277,2023-11-16,1013588070,,5,P002,PL03
389,17197718277,2023-11-16,1013588070,,5,P002,PL03
390,17197718277,2023-10-18,1013588070,,5,P002,PL03
391,17197718277,2023-10-28,1013588070,,5,P002,PL03
392,17197718277,2023-10-26,1013588070,,5,P002,PL03
393,17197718277,2023-11-01,1013588070,,5,P002,PL03
394,17197718277,2023-09-28,1013588070,,5,P002,PL03
395,17197718277,2023-11-21,1013588070,,5,P002,PL03
396,17197718277,2023-10-08,1013588070,,5,P002,PL03
397,17197718277,2023-08-26,1013588070,,5,P002,PL03
398,17197718277,2023-10-30,1013588070,,5,P002,PL03
399,17197718277,2023-10-28,1013588070,,5,P002,PL03
400,17197718277,2023-10-11,1013588070,,5,P002,PL03
401,17197718277,2023-10-02,1013588070,,5,P002,PL03
402,17197718277,2023-10-03,1013588070,,5,P002,PL03
403,17197718277,2023-10-03,1013588070,,5,P002,PL03
404,17197718277,2023-10-03,1013588070,,5,P002,PL03
405,17197718277,2023-10-03,1013588070,,5,P002,PL03
406,17197718277,2023-09-28,1013588070,,5,P002,PL03
407,17197718277,2023-09-28,1013588070,,5,P002,PL03
408,17197718277,2023-09-28,1013588070,,5,P002,PL03
409,17197718277,2023-10-26,1013588070,,5,P002,PL03
410,17197718277,2024-01-22,1013588070,,5,P002,PL03
411,17197718277,2023-10-04,1013588070,,5,P002,PL03
412,17197718277,2023-09-28,1013588070,,5,P002,PL03
413,17197718277,2023-09-28,1013588070,,5,P002,PL03
414,17197718277,2023-08-26,1013588070,,5,P002,PL03
415,17197718277,2023-11-02,1013588070,,5,P002,PL03
416,17197718277,2023-11-13,1013588070,,5,P002,PL03
417,17197718277,2023-09-30,1013588070,,5,P002,PL03
418,17197718277,2023-09-30,1013588070,,5,P002,PL03
419,17197718277,2023-09-01,1013588070,,5,P002,PL03
420,17197718277,2023-09-01,1013588070,,5,P002,PL03
421,17197718277,2023-11-03,1013588070,,5,P002,PL03
422,17197718277,2023-11-03,1013588070,,5,P002,PL03
423,17197718277,2023-12-16,1013588070,,5,P002,PL03
424,17197718277,2024-01-26,1013588070,,5,P002,PL03
425,17197718277,2023-09-30,1013588070,,5,P002,PL03
426,17197718277,2023-09-18,1013588070,,5,P002,PL03
427,17197718277,2023-09-28,1013588070,,5,P002,PL03
428,17197718277,2023-11-01,1013588070,,5,P002,PL03
429,17197718277,2023-11-01,1013588070,,5,P002,PL03
430,17197718277,2023-08-28,1013588070,,5,P002,PL03
431,17197718277,2023-09-27,1013588070,,5,P002,PL03
432,17197718277,2023-09-27,1013588070,,5,P002,PL03
433,17197718277,2023-09-27,1013588070,,5,P002,PL03
434,17197718277,2023-09-26,1013588070,,5,P002,PL03
435,17197718277,2023-10-02,1013588070,,5,P002,PL03
436,17197718277,2023-10-21,1013588070,,5,P002,PL03
437,17197718277,2023-08-27,1013588070,,5,P002,PL03
438,17197718277,2024-01-30,1013588070,,5,P002,PL03
439,17197718277,2023-09-30,1013588070,,5,P002,PL03
440,17197718277,2023-09-19,1013588070,,5,P002,PL03
441,17197718277,2023-10-30,1013588070,,5,P002,PL03
442,17197718277,2023-08-29,1013588070,,5,P002,PL03
443,17197718277,2023-12-14,1013588070,,5,P002,PL03
444,17197718277,2023-10-11,1013588070,,5,P002,PL03
445,17197718277,2023-08-24,1013588070,,5,P002,PL03
446,17197718277,2023-10-23,1013588070,,5,P002,PL03
447,17197718277,2023-09-16,1013588070,,5,P002,PL03
448,17197718277,2023-09-28,1013588070,,5,P002,PL03
449,17197718277,2023-09-27,1013588070,,5,P002,PL03
450,17197718277,2023-10-06,1013588070,,5,P002,PL03
451,17197718277,2023-12-13,1013588070,,5,P002,PL03
452,17197718277,2024-01-28,1013588070,,5,P002,PL03
453,17197718277,2024-01-31,1013588070,,5,P002,PL03
454,17197718277,2024-01-28,1013588070,,5,P002,PL03
455,17197718277,2023-11-08,1013588070,,5,P002,PL03
456,17197718277,2023-11-13,1013588070,,5,P002,PL03
457,17197718277,2023-10-05,1013588070,,5,P002,PL03
458,17197718277,2023-10-05,1013588070,,5,P002,PL03
459,17197718277,2023-08-31,1013588070,,5,P002,PL03
460,17197718277,2024-03-21,1013588070,,5,P002,PL03
461,17197718277,2023-12-02,1013588070,,5,P002,PL03
462,17197718277,2023-11-02,1013588070,,5,P002,PL03
463,17197718277,2023-09-27,1013588070,,5,P002,PL03
464,17197718277,2024-01-30,1013588070,,5,P002,PL03
465,17197718277,2023-09-18,1013588070,,5,P002,PL03
466,17197718277,2023-09-18,1013588070,,5,P002,PL03
467,17197718277,2023-08-28,1013588070,,5,P002,PL03
468,17197718277,2023-09-13,1013588070,,5,P002,PL03
469,17197718277,2024-01-30,1013588070,,5,P002,PL03
470,17197718277,2024-01-26,1013588070,,5,P002,PL03
471,17197718277,2024-01-30,1013588070,,5,P002,PL03
472,17197718277,2023-08-18,1013588070,,5,P002,PL03
473,17197718277,2023-12-13,1013588070,,5,P002,PL03
474,17197718277,2024-01-22,1013588070,,5,P002,PL03
475,17197718277,2024-01-30,1013588070,,5,P002,PL03
476,17197718277,2024-01-30,1013588070,,5,P002,PL03
477,17197718277,2024-01-27,1013588070,,5,P002,PL03
478,17197718277,2023-11-12,1013588070,,5,P002,PL03
479,17197718277,2023-08-16,1013588070,,5,P002,PL03
480,17197718277,2023-08-16,1013588070,,5,P002,PL03
481,17197718277,2023-08-16,1013588070,,5,P002,PL03
482,17197718277,2023-11-12,1013588070,,5,P002,PL03
483,17197718277,2023-11-12,1013588070,,5,P002,PL03
484,17197718277,2023-11-13,1013588070,,5,P002,PL03
485,17197718277,2023-11-13,1013588070,,5,P002,PL03
486,17197718277,2023-11-13,1013588070,,5,P002,PL03
487,17197718277,2023-11-13,1013588070,,5,P002,PL03
488,17197718277,2023-11-13,1013588070,,5,P002,PL03
489,17197718277,2023-11-13,1013588070,,5,P002,PL03
490,17197718277,2023-11-13,1013588070,,5,P002,PL03
491,17197718277,2023-11-13,1013588070,,5,P002,PL03
492,17197718277,2023-11-13,1013588070,,5,P002,PL03
493,17197718277,2023-11-15,1013588070,,5,P002,PL03
494,17197718277,2023-11-15,1013588070,,5,P002,PL03
495,17197718277,2023-11-16,1013588070,,5,P002,PL03
496,17197718277,2023-11-16,1013588070,,5,P002,PL03
497,17197718277,2023-11-16,1013588070,,5,P002,PL03
498,17197718277,2023-11-16,1013588070,,5,P002,PL03
499,17197718277,2023-11-16,1013588070,,5,P002,PL03
500,17197718277,2023-12-13,1013588070,,5,P002,PL03
501,17197718277,2023-12-13,1013588070,,5,P002,PL03
502,17197718277,2023-08-26,1013588070,,5,P002,PL03
503,17197718277,2023-08-26,1013588070,,5,P002,PL03
504,17197718277,2023-08-26,1013588070,,5,P002,PL03
505,17197718277,2023-08-26,1013588070,,5,P002,PL03
506,17197718277,2023-08-26,1013588070,,5,P002,PL03
507,17197718277,2023-08-26,1013588070,,5,P002,PL03
508,17197718277,2023-08-26,1013588070,,5,P002,PL03
509,17197718277,2023-08-29,1013588070,,5,P002,PL03
510,17197718277,2023-08-29,1013588070,,5,P002,PL03
511,17197718277,2023-09-16,1013588070,,5,P002,PL03
512,17197718277,2023-09-16,1013588070,,5,P002,PL03
513,17197718277,2023-09-06,1013588070,,5,P002,PL03
514,17197718277,2023-09-06,1013588070,,5,P002,PL03
515,17197718277,2023-09-08,1013588070,,5,P002,PL03
516,17197718277,2023-09-16,1013588070,,5,P002,PL03
517,17197718277,2023-09-16,1013588070,,5,P002,PL03
518,17197718277,2023-09-16,1013588070,,5,P002,PL03
519,17197718277,2023-09-16,1013588070,,5,P002,PL03
520,17197718277,2023-09-11,1013588070,,5,P002,PL03
521,17197718277,2023-09-11,1013588070,,5,P002,PL03
522,17197718277,2023-09-11,1013588070,,5,P002,PL03
523,17197718277,2023-09-11,1013588070,,5,P002,PL03
524,17197718277,2023-09-12,1013588070,,5,P002,PL03
525,17197718277,2023-09-11,1013588070,,5,P002,PL03
526,17197718277,2023-09-13,1013588070,,5,P002,PL03
527,17197718277,2023-09-11,1013588070,,5,P002,PL03
528,17197718277,2023-09-11,1013588070,,5,P002,PL03
529,17197718277,2023-09-18,1013588070,,5,P002,PL03
530,17197718277,2023-09-01,1013588070,,5,P002,PL03
531,17197718277,2023-09-19,1013588070,,5,P002,PL03
532,17197718277,2023-09-19,1013588070,,5,P002,PL03
533,17197718277,2023-09-18,1013588070,,5,P002,PL03
534,17197718277,2023-09-19,1013588070,,5,P002,PL03
535,17197718277,2023-09-19,1013588070,,5,P002,PL03
536,17197718277,2023-09-21,1013588070,,5,P002,PL03
537,17197718277,2023-09-20,1013588070,,5,P002,PL03
538,17197718277,2023-09-20,1013588070,,5,P002,PL03
539,17197718277,2023-09-27,1013588070,,5,P002,PL03
540,17197718277,2023-09-27,1013588070,,5,P002,PL03
541,17197718277,2023-09-27,1013588070,,5,P002,PL03
542,17197718277,2023-09-27,1013588070,,5,P002,PL03
543,17197718277,2023-09-27,1013588070,,5,P002,PL03
544,17197718277,2023-09-27,1013588070,,5,P002,PL03
545,17197718277,2023-09-27,1013588070,,5,P002,PL03
546,17197718277,2023-09-27,1013588070,,5,P002,PL03
547,17197718277,2023-09-27,1013588070,,5,P002,PL03
548,17197718277,2023-09-27,1013588070,,5,P002,PL03
549,17197718277,2023-09-27,1013588070,,5,P002,PL03
550,17197718277,2023-09-27,1013588070,,5,P002,PL03
551,17197718277,2023-09-27,1013588070,,5,P002,PL03
552,17197718277,2023-09-26,1013588070,,5,P002,PL03
553,17197718277,2023-09-26,1013588070,,5,P002,PL03
554,17197718277,2023-09-26,1013588070,,5,P002,PL03
555,17197718277,2023-09-26,1013588070,,5,P002,PL03
556,17197718277,2023-09-21,1013588070,,5,P002,PL03
557,17197718277,2023-09-26,1013588070,,5,P002,PL03
558,17197718277,2023-09-26,1013588070,,5,P002,PL03
559,17197718277,2023-09-27,1013588070,,5,P002,PL03
560,17197718277,2023-09-27,1013588070,,5,P002,PL03
561,17197718277,2023-09-29,1013588070,,5,P002,PL03
562,17197718277,2023-09-29,1013588070,,5,P002,PL03
563,17197718277,2023-09-29,1013588070,,5,P002,PL03
564,17197718277,2023-09-29,1013588070,,5,P002,PL03
565,17197718277,2023-10-05,1013588070,,5,P002,PL03
566,17197718277,2023-10-02,1013588070,,5,P002,PL03
567,17197718277,2023-10-03,1013588070,,5,P002,PL03
568,17197718277,2023-10-03,1013588070,,5,P002,PL03
569,17197718277,2023-10-02,1013588070,,5,P002,PL03
570,17197718277,2023-10-02,1013588070,,5,P002,PL03
571,17197718277,2023-10-15,1013588070,,5,P002,PL03
572,17197718277,2023-10-15,1013588070,,5,P002,PL03
573,17197718277,2023-10-15,1013588070,,5,P002,PL03
574,17197718277,2023-10-15,1013588070,,5,P002,PL03
575,17197718277,2023-10-16,1013588070,,5,P002,PL03
576,17197718277,2023-10-16,1013588070,,5,P002,PL03
577,17197718277,2023-10-18,1013588070,,5,P002,PL03
578,17197718277,2023-10-01,1013588070,,5,P002,PL03
579,17197718277,2023-10-01,1013588070,,5,P002,PL03
580,17197718277,2023-10-01,1013588070,,5,P002,PL03
581,17197718277,2023-10-01,1013588070,,5,P002,PL03
582,17197718277,2023-10-01,1013588070,,5,P002,PL03
583,17197718277,2023-10-02,1013588070,,5,P002,PL03
584,17197718277,2023-09-30,1013588070,,5,P002,PL03
585,17197718277,2023-10-09,1013588070,,5,P002,PL03
586,17197718277,2023-10-09,1013588070,,5,P002,PL03
587,17197718277,2023-10-09,1013588070,,5,P002,PL03
588,17197718277,2023-10-09,1013588070,,5,P002,PL03
589,17197718277,2023-10-09,1013588070,,5,P002,PL03
590,17197718277,2023-10-09,1013588070,,5,P002,PL03
591,17197718277,2023-10-09,1013588070,,5,P002,PL03
592,17197718277,2023-10-21,1013588070,,5,P002,PL03
593,17197718277,2023-10-21,1013588070,,5,P002,PL03
594,17197718277,2023-10-21,1013588070,,5,P002,PL03
595,17197718277,2023-10-23,1013588070,,5,P002,PL03
596,17197718277,2023-10-21,1013588070,,5,P002,PL03
597,17197718277,2023-10-21,1013588070,,5,P002,PL03
598,17197718277,2023-09-18,1013588070,,5,P002,PL03
599,17197718277,2023-09-18,1013588070,,5,P002,PL03
600,17197718277,2023-09-18,1013588070,,5,P002,PL03
601,17197718277,2023-09-18,1013588070,,5,P002,PL03
602,17197718277,2023-09-18,1013588070,,5,P002,PL03
603,17197718277,2023-09-18,1013588070,,5,P002,PL03
604,17197718277,2023-09-18,1013588070,,5,P002,PL03
605,17197718277,2023-08-29,1013588070,,5,P002,PL03
606,17197718277,2023-08-29,1013588070,,5,P002,PL03
607,17197718277,2023-08-29,1013588070,,5,P002,PL03
608,17197718277,2023-09-29,1013588070,,5,P002,PL03
609,17197718277,2023-09-29,1013588070,,5,P002,PL03
610,17197718277,2023-09-29,1013588070,,5,P002,PL03
611,17197718277,2023-09-29,1013588070,,5,P002,PL03
612,17197718277,2023-09-29,1013588070,,5,P002,PL03
613,17197718277,2023-09-29,1013588070,,5,P002,PL03
614,17197718277,2023-09-29,1013588070,,5,P002,PL03
615,17197718277,2023-09-29,1013588070,,5,P002,PL03
616,17197718277,2023-09-29,1013588070,,5,P002,PL03
617,17197718277,2023-09-29,1013588070,,5,P002,PL03
618,17197718277,2023-09-29,1013588070,,5,P002,PL03
619,17197718277,2023-09-29,1013588070,,5,P002,PL03
620,17197718277,2023-09-28,1013588070,,5,P002,PL03
621,17197718277,2023-09-28,1013588070,,5,P002,PL03
622,17197718277,2023-09-28,1013588070,,5,P002,PL03
623,17197718277,2023-09-28,1013588070,,5,P002,PL03
624,17197718277,2023-09-28,1013588070,,5,P002,PL03
625,17197718277,2023-09-28,1013588070,,5,P002,PL03
626,17197718277,2023-09-28,1013588070,,5,P002,PL03
627,17197718277,2023-09-28,1013588070,,5,P002,PL03
628,17197718277,2023-09-28,1013588070,,5,P002,PL03
629,17197718277,2023-09-28,1013588070,,5,P002,PL03
630,17197718277,2023-09-28,1013588070,,5,P002,PL03
631,17197718277,2023-09-30,1013588070,,5,P002,PL03
632,17197718277,2023-09-30,1013588070,,5,P002,PL03
633,17197718277,2023-10-27,1013588070,,5,P002,PL03
634,17197718277,2023-10-26,1013588070,,5,P002,PL03
635,17197718277,2023-10-26,1013588070,,5,P002,PL03
636,17197718277,2023-10-26,1013588070,,5,P002,PL03
637,17197718277,2023-10-26,1013588070,,5,P002,PL03
638,17197718277,2023-10-25,1013588070,,5,P002,PL03
639,17197718277,2023-10-29,1013588070,,5,P002,PL03
640,17197718277,2023-10-30,1013588070,,5,P002,PL03
641,17197718277,2023-11-01,1013588070,,5,P002,PL03
642,17197718277,2023-10-30,1013588070,,5,P002,PL03
643,17197718277,2023-10-30,1013588070,,5,P002,PL03
644,17197718277,2023-10-30,1013588070,,5,P002,PL03
645,17197718277,2023-11-11,1013588070,,5,P002,PL03
646,17197718277,2023-12-02,1013588070,,5,P002,PL03
647,17197718277,2023-12-02,1013588070,,5,P002,PL03
648,17197718277,2023-12-01,1013588070,,5,P002,PL03
649,17197718277,2023-12-01,1013588070,,5,P002,PL03
650,17197718277,2023-12-14,1013588070,,5,P002,PL03
651,17197718277,2023-12-14,1013588070,,5,P002,PL03
652,17197718277,2023-12-20,1013588070,,5,P002,PL03
653,17197718277,2023-12-19,1013588070,,5,P002,PL03
654,17197718277,2023-12-30,1013588070,,5,P002,PL03
655,17197718277,2024-01-22,1013588070,,5,P002,PL03
656,17197718277,2024-01-22,1013588070,,5,P002,PL03
657,17197718277,2024-01-21,1013588070,,5,P002,PL03
658,17197718277,2024-01-22,1013588070,,5,P002,PL03
659,17197718277,2024-01-22,1013588070,,5,P002,PL03
660,17197718277,2024-01-22,1013588070,,5,P002,PL03
661,17197718277,2024-01-22,1013588070,,5,P002,PL03
662,17197718277,2024-01-22,1013588070,,5,P002,PL03
663,17197718277,2024-01-28,1013588070,,5,P002,PL03
664,17197718277,2024-01-29,1013588070,,5,P002,PL03
665,17197718277,2024-01-29,1013588070,,5,P002,PL03
666,17197718277,2024-01-29,1013588070,,5,P002,PL03
667,17197718277,2024-02-02,1013588070,,5,P002,PL03
668,17197718277,2024-01-30,1013588070,,5,P002,PL03
669,17197718277,2024-01-30,1013588070,,5,P002,PL03
670,17197718277,2024-02-01,1013588070,,5,P002,PL03
671,17197718277,2024-02-01,1013588070,,5,P002,PL03
672,17197718277,2024-02-01,1013588070,,5,P002,PL03
673,17197718277,2024-02-01,1013588070,,5,P002,PL03
674,17197718277,2024-01-27,1013588070,,5,P002,PL03
675,17197718277,2024-01-26,1013588070,,5,P002,PL03
676,17197718277,2024-01-26,1013588070,,5,P002,PL03
677,17197718277,2024-01-26,1013588070,,5,P002,PL03
678,17197718277,2024-01-27,1013588070,,5,P002,PL03
679,17197718277,2024-01-27,1013588070,,5,P002,PL03
680,17197718277,2024-01-28,1013588070,,5,P002,PL03
681,17197718277,2024-01-28,1013588070,,5,P002,PL03
682,17197718277,2024-01-28,1013588070,,5,P002,PL03
683,17197718277,2024-01-28,1013588070,,5,P002,PL03
684,17197718277,2024-02-02,1013588070,,5,P002,PL03
685,17197718277,2024-01-27,1013588070,,5,P002,PL03
686,17197718277,2024-01-27,1013588070,,5,P002,PL03
687,17197718277,2024-01-30,1013588070,,5,P002,PL03
688,17197718277,2024-01-30,1013588070,,5,P002,PL03
689,17197718277,2024-01-30,1013588070,,5,P002,PL03
690,17197718277,2024-01-26,1013588070,,5,P002,PL03
691,17197718277,2024-01-26,1013588070,,5,P002,PL03
692,17197718277,2024-01-26,1013588070,,5,P002,PL03
693,17197718277,2024-01-26,1013588070,,5,P002,PL03
694,17197718277,2024-01-26,1013588070,,5,P002,PL03
695,17197718277,2024-01-26,1013588070,,5,P002,PL03
696,17197718277,2024-01-26,1013588070,,5,P002,PL03
697,17197718277,2023-12-14,1013588070,,5,P002,PL03
698,17197718277,2023-09-09,1013588070,,5,P002,PL03
699,17197718277,2023-11-21,1013588070,,5,P002,PL03
700,17197718277,2023-10-03,1013588070,,5,P002,PL03
701,17197718277,2023-10-13,1013588070,,5,P002,PL03
702,17197718277,2023-10-13,1013588070,,5,P002,PL03
703,17197718277,2023-10-13,1013588070,,5,P002,PL03
704,17197718277,2023-10-13,1013588070,,5,P002,PL03
705,17197718277,2023-10-13,1013588070,,5,P002,PL03
706,17197718277,2023-10-13,1013588070,,5,P002,PL03
707,17197718277,2023-10-13,1013588070,,5,P002,PL03
708,17197718277,2023-11-23,1013588070,,5,P002,PL03
709,17197718277,2023-12-16,1013588070,,5,P002,PL03
710,17197718277,2023-12-31,1013588070,,5,P002,PL03
711,17197718277,2024-01-26,1013588070,,5,P002,PL03
712,17197718277,2024-01-26,1013588070,,5,P002,PL03
713,17197718277,2024-01-26,1013588070,,5,P002,PL03
714,17197718277,2023-12-15,1013588070,,5,P002,PL03
715,17197718277,2023-10-12,1013588070,,5,P002,PL03
716,17197718277,2023-10-12,1013588070,,5,P002,PL03
717,17197718277,2023-10-12,1013588070,,5,P002,PL03
718,17197718277,2023-10-12,1013588070,,5,P002,PL03
719,17197718277,2023-10-12,1013588070,,5,P002,PL03
720,17197718277,2023-10-12,1013588070,,5,P002,PL03
721,17197718277,2023-10-12,1013588070,,5,P002,PL03
722,17197718277,2023-10-12,1013588070,,5,P002,PL03
723,17197718277,2023-12-16,1013588070,,5,P002,PL03
724,17197718277,2023-12-16,1013588070,,5,P002,PL03
725,17197718277,2023-12-16,1013588070,,5,P002,PL03
726,17197718277,2023-12-16,1013588070,,5,P002,PL03
727,17197718277,2023-12-16,1013588070,,5,P002,PL03
728,17197718277,2023-09-02,1013588070,,5,P002,PL03
729,17197718277,2023-10-11,1013588070,,5,P002,PL03
730,17197718277,2023-10-31,1013588070,,5,P002,PL03
731,17197718277,2023-08-05,1013588070,,5,P002,PL03
732,17197718277,2023-08-02,1013588070,,5,P002,PL03
733,17197718277,2023-08-03,1013588070,,5,P002,PL03
734,17197718277,2023-08-03,1013588070,,5,P002,PL03
735,17197718277,2023-07-31,1013588070,,5,P002,PL03
736,17197718277,2023-07-30,1013588070,,5,P002,PL03
737,17197718277,2023-07-29,1013588070,,5,P002,PL03
738,17197718277,2023-07-30,1013588070,,5,P002,PL03
739,17197718277,2023-07-30,1013588070,,5,P002,PL03
740,17197718277,2023-07-29,1013588070,,5,P002,PL03
741,17197718277,2023-07-29,1013588070,,5,P002,PL03
742,17197718277,2023-07-29,1013588070,,5,P002,PL03
743,17197718277,2023-07-29,1013588070,,5,P002,PL03
744,17197718277,2023-07-29,1013588070,,5,P002,PL03
745,17197718277,2023-07-29,1013588070,,5,P002,PL03
746,17197718277,2023-07-29,1013588070,,5,P002,PL03
747,17197718277,2023-07-29,1013588070,,5,P002,PL03
748,17197718277,2023-07-26,1013588070,,5,P002,PL03
749,17197718277,2023-07-29,1013588070,,5,P002,PL03
750,17197718277,2023-07-29,1013588070,,5,P002,PL03
751,17197718277,2023-07-29,1013588070,,5,P002,PL03
752,17197718277,2023-09-27,1013588070,,5,P002,PL03
753,17197718277,2023-07-21,1013588070,,5,P002,PL03
754,17197718277,2023-07-21,1013588070,,5,P002,PL03
755,17197718277,2023-07-23,1013588070,,5,P002,PL03
756,17197718277,2023-07-24,1013588070,,5,P002,PL03
757,17197718277,2023-07-22,1013588070,,5,P002,PL03
758,17197718277,2023-08-02,1013588070,,5,P002,PL03
759,17197718277,2023-07-29,1013588070,,5,P002,PL03
760,17197718277,2023-08-06,1013588070,,5,P002,PL03
761,24508410132,2024-03-14,1107128132,,5,P002,PL03
762,24508410132,2024-01-26,1107128132,,5,P002,PL03
763,24508410132,2024-01-27,1107128132,,5,P002,PL03
764,24508410132,2024-01-27,1107128132,,5,P002,PL03
765,24508410132,2024-01-19,1107128132,,5,P002,PL03
766,24508410132,2024-02-23,1107128132,,5,P002,PL03
767,24258723406,2024-03-06,1165274448,,5,P002,PL03
768,23481654966,2024-03-11,424715,"Shop n√†y uy t√≠n nha m·ªçi ng∆∞·ªùi, gi√° t·ªët qu√° n√™n m√¨nh h∆°i s·ª£. Nh∆∞ng khi nh·∫≠n ƒëc h√†ng r·ªìi th√¨ r·∫•t h√†i l√≤ng, m√°y nguy√™n seal m·ªõi 100%. Th·∫•y c√≤n √≠t l∆∞·ª£t mua qu√° n√™n mng ·ªßng h·ªô shop th√™m nha.ü•∞",5,P002,PL03
769,23481654966,2023-11-14,424715,,5,P002,PL03
