ItemID,DateReview,ShopID,Review,StarRating,ProductID,PlatformID
18291182009,2023-09-30,1039322456,"Shop uy t√≠n gi√° t·ªët - giao h√†ng nhanh, l·∫°i ƒë∆∞·ª£c imei ƒë·∫πp x·ªãn s√≤. M·ªçi ng∆∞·ªùi ·ªßng h·ªô nh√©, ch√∫c s·ªëp ng√†y c√†ng ph√°t tri·ªÉn v√† th√†nh c√¥ng h∆°n",5,P002,PL03
18291182009,2023-11-20,1039322456,"H√¨nh ·∫£nh ch·ªâ mang t√≠nh ch·∫•t nh·∫≠n xu 
B√∫n r·∫•t ok , giao h√†ng nhanh ,ƒë√≥ng g√≥i bao k·ªπ,ƒÉn h·∫øt s·∫Ω ti·∫øp t·ª•c ·ªßng h·ªô shop
B√∫n n√†y gi√° r·∫•t t·ªët ƒÉn r·∫•t ngon .Mua v·ªÅ m√† m·∫π m√¨nh b·∫£o ƒÉn v·ª´a √≠ n·ªØa ch·ª©",5,P002,PL03
18291182009,2023-10-26,1039322456,"S·∫£n ph·∫©m r·∫•t xinh ƒë·∫πp tuy·ªát v·ªùi, t√¥i kh√¥ng th·ªÉ tr√¥ng ƒë·ª£i g√¨ h∆°n. C·∫£m ∆°n nh√† cung c·∫•p, nh√† s·∫£n xu·∫•t, c·∫£m ∆°n ng∆∞·ªùi b√°n h√†ng, c·∫£m ∆°n s√†n th∆∞∆°ng m·∫°i ƒëi·ªán t·ª≠, c·∫£m ∆°n ng∆∞·ªùi v·∫≠n chuy·ªÉn ƒë·ªÉ t√¥i c√≥ c∆° h·ªôi d√πng s·∫£n ph·∫©m t·ªët nh∆∞ th·∫ø n√†y.
üòéH√†ng ƒë√≥ng g√≥i r·∫•t ƒë·∫πp. Qu·∫£ nhi√™n ng∆∞·ªùi b√°n ƒë√£ g·ª≠i g·∫Øm r·∫•t nhi·ªÅu t√¢m t∆∞ v√† t√¨nh c·∫£m trong l√∫c g√≥i h√†ng. H·ªôp kh√¥ng c√≥ d·∫•u hi·ªáu b·ªã m√≥p, ch·ª©ng t·ªè b·ªô ph·∫≠n v·∫≠n chuy·ªÉn ƒë√£ n√¢ng nh∆∞ n√¢ng tr·ª©ng, h·ª©ng nh∆∞ h·ª©ng hoa. Xin nghi√™ng m√¨nh c·∫£m ∆°n v√¨ t·∫•t c·∫£.
üòÑTh·ªùi gian v·∫≠n chuy·ªÉn r·∫•t h·ª£p l√≠. T√¥i ƒë√£ ƒë·∫∑t h√†ng v·ªõi t√¢m th·∫ø h√†o h·ª©ng ch·ªù ƒë·ª£i ƒë·ªÉ ƒë∆∞·ª£c tr·∫£i nghi·ªám s·∫£n ph·∫©m v√† t√¥i kh√¥ng h·ªÅ b·ªã ch·ªù m·ªèi c·ªï. C√≥ th·ªÉ th·∫•y b√™n v·∫≠n chuy·ªÉn kh√¥ng qu·∫£n ng·∫°i th·ªùi ti·∫øt v√† ƒë∆∞·ªùng x√° xa x√¥i ƒë·ªÉ ƒë∆∞a s·∫£n ph·∫©m cho t√¥i trong th·ªùi gian ng·∫Øn nh·∫•t.",5,P002,PL03
18291182009,2023-10-26,1039322456,"Ch·∫•t l∆∞·ª£ng s·∫£n ph·∫©m:t·ªët
ƒê√∫ng v·ªõi m√¥ t·∫£:ƒë√∫ng m√¥ tat
T√≠nh nƒÉng n·ªïi b·∫≠t:smartphone

Shop uy t√≠n, giao ƒë√∫ng h√†ng. ƒêi·ªán tho·∫°i ch√≠nh h√£ng, ƒë√≥ng g√≥i c·∫©n th·∫≠n.",5,P002,PL03
18291182009,2023-12-13,1039322456,"T√≠nh nƒÉng n·ªïi b·∫≠t:smart phone
ƒê√∫ng v·ªõi m√¥ t·∫£:ƒë√∫ng
Ch·∫•t l∆∞·ª£ng s·∫£n ph·∫©m:t·ªët

H√†ng ch√≠nh h√£ng, ƒë√≥ng g√≥i c·∫©n th·∫≠n, shop t∆∞ v·∫•n nhi·ªát t√¨nh",5,P002,PL03
18291182009,2023-11-16,1039322456,"ƒê√∫ng v·ªõi m√¥ t·∫£:shop ƒë√≥ng g·ªçi kƒ©
Ch·∫•t l∆∞·ª£ng s·∫£n ph·∫©m:ƒëi·ªÉm 10 cho ch·∫•t l∆∞·ª£ng
T√≠nh nƒÉng n·ªïi b·∫≠t:Hang Tot

H√†ng ƒë√∫ng m√† r·∫ª h∆°n th·ªã tr∆∞·ªùng nhi·ªÅu. Mai m·ªët ·ªßng h·ªô shop d√†i d√†i",5,P002,PL03
18291182009,2023-12-13,1039322456,"Giao nhanh , ƒëi√™n tho·∫°i th√¨ ch√≠nh h√£ng kh√¥ng ph·∫£i b√†n v·ªÅ ch·∫•t l∆∞·ª£ng , s·∫Ω ·ªßng h·ªô shop l√¢u d√†i !",5,P002,PL03
18291182009,2023-11-11,1039322456,"T√≠nh nƒÉng n·ªïi b·∫≠t:tot
ƒê√∫ng v·ªõi m√¥ t·∫£:dung
Ch·∫•t l∆∞·ª£ng s·∫£n ph·∫©m:chat luong",5,P002,PL03
18291182009,2023-09-29,1039322456,h√†ng ƒë·∫πp nguy√™n seal ƒë√∫ng v·ªõi m√¥ t·∫£  giao h√†ng nhanh an to√†n s·∫Ω ti·∫øp t·ª•c mua,5,P002,PL03
18291182009,2023-12-13,1039322456,ƒê√∫ng v·ªõi m√¥ t·∫£:qu√° ƒë√£ nha shop iu,5,P002,PL03
18291182009,2023-12-14,1039322456,"Shop giao h√†ng uy t√≠n, ƒë√£ ƒë·∫∑t c√°i t2 cho nh√† r·ªìi. S·∫Ω ·ªßng h·ªô d√†i d√†i",5,P002,PL03
18291182009,2023-10-12,1039322456,"Giao h√†ng nhanh 
ƒê√≥ng g√≥i ƒë·∫πp an to√†n",5,P002,PL03
18291182009,2023-12-13,1039322456,ƒê√∫ng v·ªõi m√¥ t·∫£:oh ze,5,P002,PL03
18291182009,2024-03-06,1039322456,C√°i c√¢y xanh xanh th√¨ l√° c≈©ng xanh chim ƒë·∫≠u tr√™n c√†nh chim h√≥t li√™u lo n·∫øu lo l√† l√≠u lo li√™u lo l√† l√≠u lo,5,P002,PL03
18291182009,2023-12-03,1039322456,T√≠nh nƒÉng n·ªïi b·∫≠t:x·ªãn,5,P002,PL03
18291182009,2023-12-03,1039322456,T√≠nh nƒÉng n·ªïi b·∫≠t:good,5,P002,PL03
18291182009,2023-12-13,1039322456,T√≠nh nƒÉng n·ªïi b·∫≠t:ok,5,P002,PL03
18291182009,2023-11-17,1039322456,ƒê√∫ng v·ªõi m√¥ t·∫£:ok,5,P002,PL03
18291182009,2023-11-13,1039322456,T√≠nh nƒÉng n·ªïi b·∫≠t:good,5,P002,PL03
18291182009,2024-02-01,1039322456,"Shop giao h√†ng nhanh, h√†ng ngon",5,P002,PL03
18291182009,2024-01-18,1039322456,,5,P002,PL03
18291182009,2023-12-03,1039322456,,5,P002,PL03
18291182009,2023-11-12,1039322456,,5,P002,PL03
18291182009,2023-12-14,1039322456,,5,P002,PL03
18291182009,2024-04-14,1039322456,,5,P002,PL03
18291182009,2023-12-14,1039322456,,5,P002,PL03
18291182009,2024-01-17,1039322456,,5,P002,PL03
18291182009,2024-02-03,1039322456,,5,P002,PL03
18291182009,2023-10-26,1039322456,,5,P002,PL03
18291182009,2024-04-10,1039322456,,5,P002,PL03
18291182009,2023-10-25,1039322456,,5,P002,PL03
18291182009,2023-12-13,1039322456,,5,P002,PL03
18291182009,2024-01-06,1039322456,,5,P002,PL03
18291182009,2023-12-03,1039322456,,5,P002,PL03
18291182009,2023-12-14,1039322456,,5,P002,PL03
18291182009,2023-12-14,1039322456,,5,P002,PL03
18291182009,2023-10-03,1039322456,,5,P002,PL03
18291182009,2023-11-02,1039322456,,5,P002,PL03
18291182009,2023-12-13,1039322456,,5,P002,PL03
18291182009,2024-01-24,1039322456,,5,P002,PL03
18291182009,2023-12-04,1039322456,,5,P002,PL03
18291182009,2023-12-28,1039322456,,5,P002,PL03
18291182009,2023-11-16,1039322456,,5,P002,PL03
18291182009,2023-12-27,1039322456,,5,P002,PL03
18291182009,2023-11-16,1039322456,,5,P002,PL03
18291182009,2023-09-28,1039322456,,5,P002,PL03
18291182009,2023-09-29,1039322456,,5,P002,PL03
18291182009,2023-09-28,1039322456,,5,P002,PL03
18291182009,2023-09-28,1039322456,,5,P002,PL03
18291182009,2023-10-13,1039322456,,5,P002,PL03
20390644655,2023-12-09,48406301,"H√†ng ƒë·∫πp l·∫Øm ·∫°
Giao h√†ng nhanh
Ch·ªß shop nhi·ªát t√¨nh
Shipper th√¢n thi·ªán
( H√¨nh ·∫£nh v√† video ch·ªâ mang t√≠nh ch·∫•t nh·∫≠n xu ·∫° )",5,P002,PL03
20390644655,2023-07-31,48406301,s·∫£n ph·∫©m tuy·ªát c√† l√† v·ªùi giao h√†ng nhanh ƒë√≥ng g√≥i c·∫©n th·∫≠n n√™n mua nh√° c·∫£ nh√†,5,P002,PL03
20390644655,2024-04-02,48406301,"H√¨nh ·∫£nh mang t√≠nh ch·∫•t nh·∫≠n xu
Giao h√†ng nhanh
ƒê√≥ng g√≥i c·∫©n th·∫≠n s·∫Ω ·ªßng h·ªô shop",5,P002,PL03
20390644655,2023-12-12,48406301,"Ch·∫•t l∆∞·ª£ng s·∫£n ph·∫©m:tots

H√†ng ch√≠nh h√£ng shop r·∫•t ok",5,P002,PL03
20390644655,2023-11-16,48406301,"Em th·ª≠ nh√© m·ªôt l·∫ßn tr√™n t·∫•t c·∫£
Th·ª≠ bu√¥ng ƒëi nh·ªØng c·∫£m x√∫c ∆∞u phi·ªÅn
ƒê·ªÉ tr·ªü v·ªÅ v·ªõi gi·∫•c ng·ªß b√¨nh y√™n
Ch·∫≥ng nhung nh·ªõ nh·ªØng ƒëi·ªÅu g√¨ ƒë√£ m·∫•t
Em th·ª≠ nh√© g√≥i c√¥ ƒë∆°n v√† c·∫•t
ƒê√≥n ni·ªÅm vui v√† ng·∫Øm nh·ªØng ban mai
Ch·∫≥ng g·ªçi t√™n nh·ªØng bu·ªìn t·ªßi u ho√†i
Ch·ªù n·∫Øng m·ªõi m·ªói b√¨nh minh th·ª©c d·∫≠y
Em th·ª≠ nh√© l·∫•y n·ª• c∆∞·ªùi che ƒë·∫≠y
M·ªôt tr√°i tim c·ª©a ngh√¨n v·∫øt kh·ªï ƒëau
ƒê·ªÉ qu√™n ƒëi nh·ªØng t√†n √∫a, nh√°t nh√†u
ƒêau l·∫Øm ƒë·∫•y em v·∫´n c∆∞·ªùi t∆∞∆°i m√£i",5,P002,PL03
20390644655,2024-04-16,48406301,"M·∫´u nh·∫≠n x√©t c·ªßa ƒë∆°n v·ªã th·ª±c t·∫≠p l√† m·ªôt ph·∫ßn quan tr·ªçng trong m·ªói b√†i b√°o c√°o th·ª±c t·∫≠p t·ªët nghi·ªáp. M·∫´u phi·∫øu nh·∫≠n x√©t ƒë∆∞·ª£c d√πng khi c√°c b·∫°n c·∫ßn xin nh·ªØng ƒë√°nh gi√°, nh·∫≠n x√©t t·ª´ ƒë∆°n v·ªã th·ª±c t·∫≠p. Th√¥ng qua b√†i vi·∫øt d∆∞·ªõi ƒë√¢y, h√£y c√πng Lu·∫≠n VƒÉn Vi·ªát t√¨m hi·ªÉu chi ti·∫øt v·ªÅ n·ªôi dung v√† tham kh·∫£o m·ªôt s·ªë m·∫´u nh·∫≠n x√©t c·ªßa ƒë∆°n v·ªã th·ª±c t·∫≠p nh√©!",5,P002,PL03
20390644655,2023-12-27,48406301,·∫£nh mang t√≠nh ch·∫•t nh·∫≠n xu k d√πng n√™n kbt,5,P002,PL03
20390644655,2023-12-16,48406301,Tuy·ªát v·ªùi,5,P002,PL03
20390644655,2023-12-27,48406301,,5,P002,PL03
20390644655,2023-11-15,48406301,,5,P002,PL03
20390644655,2023-12-18,48406301,,5,P002,PL03
20390644655,2023-12-14,48406301,,5,P002,PL03
20390644655,2024-01-17,48406301,,5,P002,PL03
20390644655,2024-03-01,48406301,,5,P002,PL03
20390644655,2024-03-25,48406301,,5,P002,PL03
20390644655,2024-04-15,48406301,,5,P002,PL03
20390644655,2024-04-18,48406301,,5,P002,PL03
20390644655,2024-04-01,48406301,,5,P002,PL03
20390644655,2024-04-12,48406301,,5,P002,PL03
20390644655,2024-01-20,48406301,,5,P002,PL03
20390644655,2023-12-14,48406301,,5,P002,PL03
20390644655,2023-11-07,48406301,,5,P002,PL03
20390644655,2024-04-12,48406301,,5,P002,PL03
20390644655,2024-04-16,48406301,,5,P002,PL03
20390644655,2023-10-18,48406301,,5,P002,PL03
20390644655,2023-08-01,48406301,,5,P002,PL03
20390644655,2023-12-19,48406301,,5,P002,PL03
20390644655,2023-07-31,48406301,,5,P002,PL03
20390644655,2023-07-31,48406301,,5,P002,PL03
20390644655,2023-11-16,48406301,,5,P002,PL03
20390644655,2023-11-13,48406301,,5,P002,PL03
20390644655,2024-04-03,48406301,,5,P002,PL03
20390644655,2023-10-30,48406301,,5,P002,PL03
20390644655,2023-10-31,48406301,,5,P002,PL03
20390644655,2023-11-15,48406301,,5,P002,PL03
20390644655,2024-03-27,48406301,,5,P002,PL03
20390644655,2024-03-29,48406301,,5,P002,PL03
20390644655,2024-04-07,48406301,,5,P002,PL03
20390644655,2023-07-29,48406301,,5,P002,PL03
20390644655,2023-07-31,48406301,,5,P002,PL03
20390644655,2023-10-22,48406301,,5,P002,PL03
20390644655,2023-10-18,48406301,,5,P002,PL03
20390644655,2023-10-19,48406301,,5,P002,PL03
20390644655,2023-10-19,48406301,,5,P002,PL03
23382484634,2024-03-07,182298008,Vhvvnbcgbcgbcgvcghcynnfxdrhbcfvcgvdgvcgbcgvchvfhbvfvfgbvv,5,P002,PL03
23382484634,2024-01-03,182298008,,5,P002,PL03
23382484634,2024-01-30,182298008,,5,P002,PL03
23382484634,2024-02-28,182298008,,5,P002,PL03
23382484634,2024-02-22,182298008,,5,P002,PL03
23382484634,2024-03-21,182298008,,5,P002,PL03
23382484634,2024-04-08,182298008,,5,P002,PL03
23382484634,2024-04-07,182298008,,5,P002,PL03
23382484634,2024-04-07,182298008,,5,P002,PL03
23382484634,2023-12-06,182298008,,5,P002,PL03
23382484634,2023-12-05,182298008,,5,P002,PL03
23382484634,2023-10-29,182298008,,5,P002,PL03
23382484634,2023-11-03,182298008,,5,P002,PL03
23382484634,2024-01-03,182298008,,5,P002,PL03
23382484634,2024-01-05,182298008,,5,P002,PL03
23382484634,2024-02-29,182298008,,5,P002,PL03
14462529024,2022-03-17,349543642,"·ªû sg n√™n ƒë·∫∑t h·ªèa t·ªëc giao 1 n·ªët nh·∫°c. H√†ng ch√≠nh h√£ng ssvn n√™n r·∫•t y√™n t√¢m,. Shop g√≥i ch·∫Øc ch·∫Øn , m√†u xanh ƒë·∫πp m√™ li·ªÅn . Gi√° shop b√°n h·ª£p l√Ω , ƒë√°ng mua.
C√≥ c∆° h·ªôi ·ªßng h·ªô shop l·∫ßn sau.",5,P002,PL03
14462529024,2022-12-16,349543642,"ƒêt r·∫•t ƒë·∫πp, gi√° c·∫°nh tranh h∆°n c√°c shop kh√°c. Shop b·ªçc g√≥i h√†ng kh√° k·ªπ l∆∞·ª°ng n√™n b√™n trong c√≤n m·ªõi nguy√™n. H√†ng c√≤n nguy√™n seal, v·ª´a k√≠ch ho·∫°t b·∫£o h√†nh ƒë√∫ng ng√†y chuy·ªÉn ƒëi. Giao h√†ng ko nhanh l·∫Øm.",5,P002,PL03
14462529024,2023-09-17,349543642,"ƒê√∫ng v·ªõi m√¥ t·∫£:s·∫£n ph·∫©m nguy√™n seal, ƒë√∫ng v·ªõi m√¥ t·∫£
Ch·∫•t l∆∞·ª£ng s·∫£n ph·∫©m:ch√≠nh h√£ng
T√≠nh nƒÉng n·ªïi b·∫≠t:shop nhi·ªát t√¨nh, ph·∫£n h·ªìi tin nh·∫Øn nhanh. M√¨nh ƒë·∫∑t m√†u xanh lime nh∆∞ng h·∫øt h√†ng, n√™n ƒë·ªïi m√†u kh√°c tuy kh√¥ng h√†i l√≤ng v·ªÅ m√†u s·∫Øc nh∆∞ng r·∫•t h√†i l√≤ng v·ªÅ s·ª± nhi·ªát t√¨nh c·ªßa shop.

Shop uy t√≠n, gi√° c·∫£ c·∫°nh tranh n√™n mua",5,P002,PL03
14462529024,2022-06-11,349543642,"Ch·∫•t l∆∞·ª£ng s·∫£n ph·∫©m:kh√° t·ªët

ƒê·∫ßu ti√™n l√† kh√¥ng ƒë·∫∑t h·ªèa t·ªëc nh∆∞ng 1 ng√†y nh·∫≠n dc r·ªìi. H·ªôp b·ªã m√≥p g√≥c n√™n b·ªõt ƒë·∫πp. M√† c·∫£m ·ª©ng v√¢n tay ƒëang ch∆∞a ∆∞ng l·∫Øm, pin th√¨ ai c≈©ng n√≥i n√≥ y·∫øu r·ªìi üòÇ ƒêth c√≥ d√°n s∆° m√†n h√¨nh v√† l∆∞ng nh∆∞ng m√¨nh l·ªôt ra r·ªìi. V·ªõi b·∫£o hi·ªÉm thi·∫øt b·ªã l√† g√¨ m√¨nh ch∆∞a hi·ªÉu l·∫Øm :v",5,P002,PL03
14462529024,2023-10-25,349543642,"H√†ng ƒë√≥ng g√≥i r·∫•t c·∫©n th·∫≠n, ship nhanh, m√†u si√™u xinh, h√†ng chu·∫©n ch√≠nh h√£ng, shop k√≠ch ho·∫°t BHƒêT trc t·∫≠n 20 ng√†y nh∆∞g th√¥i sƒÉn dc gi√° r·∫ª, v·∫´n kh√° ∆∞ng √Ω",5,P002,PL03
14462529024,2023-07-11,349543642,"ƒê√∫ng v·ªõi m√¥ t·∫£:ch√≠nh h√£ng
Ch·∫•t l∆∞·ª£ng s·∫£n ph·∫©m:ƒë·∫πp

Shop giao nhanh, t∆∞ v·∫•n nhi√™t t√¨h. SƒÉn sale gi√° r·∫ª. 10 ƒëi·ªÉm.",5,P002,PL03
14462529024,2023-12-15,349543642,"ƒê√∫ng v·ªõi m√¥ t·∫£:tuy·ªát
T√≠nh nƒÉng n·ªïi b·∫≠t:10 ƒëi·ªÉm
Ch·∫•t l∆∞·ª£ng s·∫£n ph·∫©m:gi√° t·ªët

H√†ng ch√≠nh h√£ng, new seal, shop tv nhi·∫πt t√¨nh",5,P002,PL03
14462529024,2023-08-29,349543642,L·∫ßn ƒë·∫ßu mua ƒëi·ªán tho·∫°i tr√™n shopee ·ªïn √°p n√® m√°y ƒë·∫πp c√≥ m√£ gi·∫£m r·∫ª,5,P002,PL03
14462529024,2022-09-19,349543642,"S·∫£n ph·∫©m ch√≠nh h√£ng, giao h√†ng nhanh, h·ªó tr·ª£ nhi·ªát t√¨nh",5,P002,PL03
14462529024,2023-07-29,349543642,"ƒê√£ nh·∫≠n ƒë∆∞·ª£c h√†ng , giao nhanh , s·∫£n ph·∫©m ch√≠nh h√£ng ƒë√∫ng nh∆∞ mi√™u t·∫£ . N√™n mua nh√© m·ªçi ng∆∞·ªùi",5,P002,PL03
14462529024,2023-08-14,349543642,"Giao nhanh , s·∫£n ph·∫©m uy t√≠n ƒë√∫ng h√†ng ch√≠nh h√£ng . M·ªçi ng∆∞·ªùi n√™n mua ·ªßng h·ªô sh nh√©",5,P002,PL03
14462529024,2022-07-09,349543642,"Ch·∫•t l∆∞·ª£ng s·∫£n ph·∫©m:ok, giao h√†ng nhanh, h√†ng ch√≠nh h√£ng, active ch·ªâ c√°ch tr∆∞·ªõc khi nh·∫≠n h√†ng v√†i ng√†y.",5,P002,PL03
14462529024,2023-03-13,349543642,H√†ng m·ªõi nguy√™n siu gi√° r·∫ª,5,P002,PL03
14462529024,2023-10-05,349543642,"T√≠nh nƒÉng n·ªïi b·∫≠t:new seal

Shop TV nhi·ªát t√¨nh",5,P002,PL03
14462529024,2023-08-03,349543642,Ngon l√†nh,5,P002,PL03
14462529024,2023-07-11,349543642,Uy t√≠n,5,P002,PL03
14462529024,2023-08-13,349543642,"S·∫£n ph·∫©m ch√≠nh h√£ng ƒë√∫ng nh∆∞ m√¥ t·∫£ , shop uy t√≠n n√™n mua nh√© . Giao nhanh l·∫Øm ·∫°",5,P002,PL03
14462529024,2023-08-10,349543642,Goodgle,5,P002,PL03
14462529024,2022-12-04,349543642,S·∫£n ph·∫©m t·ªët,5,P002,PL03
14462529024,2023-07-26,349543642,M√£i ƒë·ªânh,5,P002,PL03
14462529024,2023-11-19,349543642,,4,P002,PL03
14462529024,2024-01-10,349543642,,5,P002,PL03
14462529024,2023-11-27,349543642,,5,P002,PL03
14462529024,2024-02-29,349543642,,5,P002,PL03
14462529024,2024-03-01,349543642,,5,P002,PL03
14462529024,2023-12-28,349543642,,5,P002,PL03
14462529024,2023-12-14,349543642,,5,P002,PL03
14462529024,2023-10-07,349543642,,5,P002,PL03
14462529024,2023-10-05,349543642,,5,P002,PL03
14462529024,2023-10-27,349543642,,5,P002,PL03
14462529024,2023-12-16,349543642,,5,P002,PL03
14462529024,2023-12-17,349543642,,5,P002,PL03
14462529024,2024-03-22,349543642,,5,P002,PL03
14462529024,2023-08-01,349543642,,5,P002,PL03
14462529024,2023-07-19,349543642,,5,P002,PL03
14462529024,2023-07-17,349543642,,5,P002,PL03
14462529024,2023-07-10,349543642,,5,P002,PL03
14462529024,2023-07-09,349543642,,5,P002,PL03
14462529024,2023-07-10,349543642,,5,P002,PL03
14462529024,2023-07-06,349543642,,5,P002,PL03
14462529024,2023-07-01,349543642,,5,P002,PL03
14462529024,2023-05-19,349543642,,5,P002,PL03
14462529024,2023-04-09,349543642,,5,P002,PL03
14462529024,2022-08-12,349543642,,5,P002,PL03
14462529024,2022-06-20,349543642,,5,P002,PL03
14462529024,2022-10-05,349543642,,5,P002,PL03
24603675737,2024-02-22,45958676,Giao h√†ng nhanh. M√¨nh ƒë·∫∑t v·ªÅ c∆° quan ch∆∞a nh·∫≠n h√†ng. S·∫Ω review ch·∫•t l∆∞·ª£ng sau,5,P002,PL03
24603675737,2024-03-15,45958676,,5,P002,PL03
24603675737,2024-03-15,45958676,,5,P002,PL03
24603675737,2024-03-12,45958676,,5,P002,PL03
20593143003,2024-01-14,42787830,ƒêi·ªán tho·∫°i ch·∫•t l∆∞·ª£ng oke.ƒë√≥ng h√†ng c·∫©n th·∫≠n giao h√†ng nhanh.s·∫Ω ·ªßng h·ªô ti·∫øp l·∫ßn t·ªõi,5,P002,PL03
20593143003,2024-01-04,42787830,,5,P002,PL03
20593143003,2024-03-09,42787830,,4,P002,PL03
20593143003,2024-02-29,42787830,,5,P002,PL03
20593143003,2024-02-28,42787830,,3,P002,PL03
20373648039,2023-10-30,48406301,"ƒê√∫ng v·ªõi m√¥ t·∫£:ok nha
Ch·∫•t l∆∞·ª£ng s·∫£n ph·∫©m:10 ƒëi·ªÉm k c√≥ nh∆∞ng

Ok nha m·ªçi ng∆∞·ªùi ∆°i
Chu·∫©n h√†ng ch√≠nh h√£ng Vi·ªát Nam nha
Nh√† m√¨nh mua 2c b√™n n√†y r·ªìi n√™n tin t∆∞·ªüng nh√© 
Gi√° t·ªët, n√™n mua üëç",5,P002,PL03
20373648039,2023-04-10,48406301,"L·∫ßn ƒë·∫ßu mua ƒët online c≈©ng h∆°i s·ª£ nh∆∞ng shop uy t√≠n. ƒê√≥ng h√†ng ch·∫Øc ch·∫Øn, c·∫©n th·∫≠n. H√†ng fullbox m·ªõi 100%. Vote 5 sao!",5,P002,PL03
20373648039,2023-04-21,48406301,"H√†ng new seal 100% nha c√°c b√°c
G√≥i h√†ng k·ªπ, b√≥c h√†ng m·ªát vcc
Gi√° sƒÉn sale h·∫°t d·∫ª
S·∫Ω ·ªßng h·ªô shop d√†i d√†i",5,P002,PL03
20373648039,2023-04-18,48406301,S·∫£n ph·∫©m giao nhanh nh∆∞ m·ªôt c∆°n gi√≥ v·∫≠y. H√†ng chu·∫©n nguy√™n seal th√≠ch m√™. Hi v·ªçng d√πng b·ªÅn. Shop b√°n h√†ng chu·∫©n ƒë·∫•y n√™n mua nh√© mng 5üåü,5,P002,PL03
20373648039,2023-08-03,48406301,"ƒê√£ nh·∫≠n h√†ng, ƒë√≥ng g√≥i c·∫©n th·∫≠n d√£ man, c√≥ tem ni√™m phong c√°c th·ª©, shop c·ªßa ng quen n√™n m√¨nh mua m√°y kh√° y√™n t√¢m",5,P002,PL03
20373648039,2023-06-09,48406301,"T√≠nh nƒÉng n·ªïi b·∫≠t:T·ªët
ƒê√∫ng v·ªõi m√¥ t·∫£:Chu·∫©n
Ch·∫•t l∆∞·ª£ng s·∫£n ph·∫©m:Ch√≠nh H√£ng

SƒÉn ƒë∆∞·ª£c m√°y n√†y v√†o ng√†y sale vuiiii qu√°. H√†ng chu·∫©n ch√≠nh h√£ng. Shop ƒë√≥ng g√≥i c·∫©n th·∫≠n giao h√†ng nhanh",5,P002,PL03
20373648039,2023-10-23,48406301,"T√≠nh nƒÉng n·ªïi b·∫≠t:cam
Ch·∫•t l∆∞·ª£ng s·∫£n ph·∫©m:t·ªët
ƒê√∫ng v·ªõi m√¥ t·∫£:ƒë√∫ng

Giao h√†ng nhanh, ƒë√∫ng s·∫£n ph·∫©m v√† s·ªë l∆∞·ª£ng, ƒë√≥ng g√≥i c·∫©n th·∫≠n. S·∫Ω ·ªßng h·ªô th√™m l·∫ßn sau, c√°m ∆°n! Ch·∫•t l∆∞·ª£ng th√¨ ph·∫£i ki·ªÉm ch·ª©ng theo th·ªùi gian.",5,P002,PL03
20373648039,2023-04-02,48406301,Shop uy t√≠n. M√°y chu·∫©n ch√≠nh h√£ng. Giao h√†ng nhanh. Nh√¢n vi√™n chƒÉm s√≥c nhi·ªát t√¨nh. S·∫Ω ti·∫øp t·ª•c ·ªßng h·ªô,5,P002,PL03
20373648039,2023-05-11,48406301,"Giao h√†ng nhanh
ƒê√≥ng g√≥i ch·∫Øc ch·∫Øn
Nhi·ªÅu tem ni√™m phong
R·∫•t y√™n t√¢m
Mua sale gi√° qu√° ngon",5,P002,PL03
20373648039,2023-08-04,48406301,"T√≠nh nƒÉng n·ªïi b·∫≠t:co
Ch·∫•t l∆∞·ª£ng s·∫£n ph·∫©m:tot
ƒê√∫ng v·ªõi m√¥ t·∫£:dung

S·∫£n ph·∫©m okee nh√© giao h√†ng nhanh n√≥i chung l√† okee",5,P002,PL03
20373648039,2023-03-28,48406301,"T√≠nh nƒÉng n·ªïi b·∫≠t:m√°y nh·ªè g·ªçn, ƒë·∫πp
Ch·∫•t l∆∞·ª£ng s·∫£n ph·∫©m:tuy·ªát v·ªùi
ƒê√∫ng v·ªõi m√¥ t·∫£:ƒë√∫ng

H√†ng chu·∫©n, ƒë√≥ng g√≥i c·∫©n th·∫≠n",5,P002,PL03
20373648039,2023-09-14,48406301,"Mua tr√∫ng ƒë·ª£t shop ∆∞u ƒë√£i gi·∫£m gi√°, v·∫£i ch·∫•t l∆∞·ª£ng ƒë√£ v·∫≠y c√≤n ƒë∆∞·ª£c gi·∫£m gi√° n·ªØa ch·ª©, th√≠ch qu√° th√≠ch",5,P002,PL03
20373648039,2023-08-16,48406301,Shop chu·∫©n b·ªã h√†ng v√† giao h√†ng nhanh. Ch·∫•t l∆∞·ª£ng s·∫£n ph·∫©m t·ªët.,5,P002,PL03
20373648039,2023-04-03,48406301,"Ch·∫•t l∆∞·ª£ng s·∫£n ph·∫©m:good
ƒê√∫ng v·ªõi m√¥ t·∫£:ƒë√∫mm
T√≠nh nƒÉng n·ªïi b·∫≠t:ƒë·∫πpp

M√°y giao h∆°i l√¢u, ƒë√≥ng g√≥i ch·∫Øc ch·∫Øn kƒ© c√†ng, ƒë·∫πp",5,P002,PL03
20373648039,2023-08-14,48406301,s·∫£n ph·∫©m tuy·ªát v·ªùi n√™n mua nha c·∫£ nh√† giao h√†ng nhanh ƒë√≥ng g√≥i c·∫©n th·∫≠n d√πng m∆∞·ª£t,5,P002,PL03
20373648039,2023-08-11,48406301,Shop chu·∫©n b·ªã h√†ng v√† giao h√†ng nhanh. Ch·∫•t l∆∞·ª£ng tuy·ªát v·ªùi. Giao ƒë√∫ng m·∫´u.,5,P002,PL03
20373648039,2023-08-02,48406301,"T√≠nh nƒÉng n·ªïi b·∫≠t:tot
ƒê√∫ng v·ªõi m√¥ t·∫£:hai long
Ch·∫•t l∆∞·ª£ng s·∫£n ph·∫©m:tot

Tot",5,P002,PL03
20373648039,2023-08-04,48406301,"ƒê√∫ng v·ªõi m√¥ t·∫£:that luon do moi nguoi oi
T√≠nh nƒÉng n·ªïi b·∫≠t:giup Peter Parker cua Andrew khong danh roi nguoi yeu cua nguoi nhen nua, nhung van khong phai nguoi yeu cua anh ay
Ch·∫•t l∆∞·ª£ng s·∫£n ph·∫©m:rat tuyet voi",5,P002,PL03
20373648039,2023-08-26,48406301,Qu√° tuy·ªát v·ªùi x·ªãn qu√° tr·ªùi ∆°i ƒë√∫ng m√†y kh√¥ng b·ªã l·ªói 10 ƒëi·ªÉm cho ch·∫•t l∆∞·ª£ng,5,P002,PL03
20373648039,2023-04-23,48406301,"M√°y ƒë√£ b·ªã k√≠ch ho·∫°t b·∫£o h√†nh r·ªìi mn ·∫°
B·ªã h·ª•t n·ª≠a th√°ng bh
ƒê·ªÅ ngh·ªã shop ghi r√µ l√† h√†ng tr√¥i bh cho kh√°ch kh·ªèi shock
C√≤n l·∫°i th√¨ ok",2,P002,PL03
20373648039,2023-04-15,48406301,"Ch·∫•t l∆∞·ª£ng s·∫£n ph·∫©m:h√†ng nguy√™n seal
ƒê√∫ng v·ªõi m√¥ t·∫£:ƒë√∫ng
T√≠nh nƒÉng n·ªïi b·∫≠t:h√†ng m·ªõi ko c√≥ g√¨ ƒë·ªÉ n√≥i

Thanks shop",5,P002,PL03
20373648039,2023-08-08,48406301,"S·∫£n ph·∫©m t·ªët v·ªõi gi√° ti·ªÅn n√™n mua nha. Mua t·∫∑ng
L∆∞·ªùi ch·ª•p s·∫£n ph·∫©m ai c≈©ng khen lu√¥n ·∫°",5,P002,PL03
20373648039,2023-08-01,48406301,H√†ng ch·∫•t l∆∞·ª£ng giao h√†ng nhanh ü•∞ü•∞üçÄ,5,P002,PL03
20373648039,2023-03-30,48406301,"M√°y nguy√™n seal, ƒë√≥ng g√≥i c·∫©n th·∫≠n",5,P002,PL03
20373648039,2023-04-02,48406301,tuy·ªát v·ªùi. ƒë√≥ng g√≥i r·∫•t c·∫©n th·∫≠n,5,P002,PL03
20373648039,2023-08-02,48406301,Ch·∫•t l∆∞·ª£ng s·∫£n ph·∫©m:r·∫•t t·ªët,5,P002,PL03
20373648039,2023-07-29,48406301,"N√≥i g√¨ th√¨ n√≥i ƒê√†n √¥ng c√≥ th·ªÉ kh√¥ng c√≥ ti·ªÅn,ch∆∞a c√≥ s·ª± nghi·ªáp,c√≥ th·ªÉ kh√¥ng ƒë·∫πp nh∆∞ng ph·∫£i ch√¢n th√†nh
H·ªìi tr∆∞·ªõc tao c≈©ng ngh√®o l·∫Øm,c√≤n x·∫•u n·ªØa nh·ªØng ng√†y n√†o tao c≈©ng h·ªèi han,ch·ªãu kh√≥ quan t√¢m c√°c ki·ªÉu r·ªìi d·∫ßn d·∫ßn h·ªç block tao lu√¥n :((",5,P002,PL03
20373648039,2023-11-01,48406301,Ngon,5,P002,PL03
20373648039,2024-01-18,48406301,,5,P002,PL03
20373648039,2024-01-26,48406301,,5,P002,PL03
20373648039,2023-08-14,48406301,,5,P002,PL03
20373648039,2024-02-17,48406301,,5,P002,PL03
20373648039,2024-03-25,48406301,,5,P002,PL03
20373648039,2023-12-13,48406301,,5,P002,PL03
20373648039,2023-08-15,48406301,,5,P002,PL03
20373648039,2023-08-01,48406301,,5,P002,PL03
20373648039,2023-08-01,48406301,,5,P002,PL03
20373648039,2023-08-01,48406301,,5,P002,PL03
20373648039,2023-08-01,48406301,,5,P002,PL03
20373648039,2023-08-30,48406301,,5,P002,PL03
20373648039,2023-08-29,48406301,,5,P002,PL03
20373648039,2023-08-02,48406301,,5,P002,PL03
20373648039,2023-10-17,48406301,,5,P002,PL03
20373648039,2023-08-02,48406301,,5,P002,PL03
20373648039,2023-08-03,48406301,,5,P002,PL03
20373648039,2023-08-02,48406301,,5,P002,PL03
20373648039,2023-08-02,48406301,,5,P002,PL03
20373648039,2023-08-02,48406301,,5,P002,PL03
20373648039,2023-08-03,48406301,,5,P002,PL03
20373648039,2023-08-11,48406301,,5,P002,PL03
20373648039,2023-08-11,48406301,,5,P002,PL03
20373648039,2023-08-12,48406301,,5,P002,PL03
20373648039,2023-08-14,48406301,,5,P002,PL03
20373648039,2023-08-20,48406301,,5,P002,PL03
20373648039,2024-03-22,48406301,,5,P002,PL03
20373648039,2024-03-24,48406301,,5,P002,PL03
20373648039,2023-07-31,48406301,,5,P002,PL03
20373648039,2023-07-31,48406301,,5,P002,PL03
20373648039,2023-10-14,48406301,,5,P002,PL03
20373648039,2023-08-02,48406301,,5,P002,PL03
20373648039,2023-08-02,48406301,,5,P002,PL03
20373648039,2023-07-31,48406301,,5,P002,PL03
20373648039,2023-08-02,48406301,,5,P002,PL03
20373648039,2023-08-01,48406301,,5,P002,PL03
20373648039,2023-07-31,48406301,,5,P002,PL03
20373648039,2023-07-31,48406301,,5,P002,PL03
20373648039,2023-07-31,48406301,,5,P002,PL03
20373648039,2023-08-01,48406301,,5,P002,PL03
20373648039,2023-08-01,48406301,,5,P002,PL03
20373648039,2023-07-30,48406301,,5,P002,PL03
20373648039,2023-07-31,48406301,,5,P002,PL03
20373648039,2023-07-31,48406301,,5,P002,PL03
20373648039,2023-07-31,48406301,,5,P002,PL03
20373648039,2023-07-31,48406301,,5,P002,PL03
20373648039,2023-07-31,48406301,,5,P002,PL03
20373648039,2023-07-31,48406301,,5,P002,PL03
20373648039,2023-11-02,48406301,,5,P002,PL03
20373648039,2023-07-25,48406301,,5,P002,PL03
20373648039,2023-07-24,48406301,,5,P002,PL03
20373648039,2023-06-29,48406301,,5,P002,PL03
20373648039,2023-06-29,48406301,,5,P002,PL03
20373648039,2023-06-29,48406301,,5,P002,PL03
20373648039,2023-06-22,48406301,,5,P002,PL03
20373648039,2023-06-17,48406301,,5,P002,PL03
20373648039,2023-06-19,48406301,,5,P002,PL03
20373648039,2023-06-20,48406301,,5,P002,PL03
20373648039,2023-06-20,48406301,,5,P002,PL03
20373648039,2023-06-13,48406301,,5,P002,PL03
20373648039,2023-06-14,48406301,,5,P002,PL03
20373648039,2023-06-10,48406301,,5,P002,PL03
20373648039,2023-05-27,48406301,,5,P002,PL03
20373648039,2023-05-12,48406301,,5,P002,PL03
20373648039,2023-04-11,48406301,,5,P002,PL03
20373648039,2023-04-15,48406301,,5,P002,PL03
20373648039,2023-04-12,48406301,,5,P002,PL03
20373648039,2023-04-07,48406301,,5,P002,PL03
20373648039,2023-03-06,48406301,,5,P002,PL03
18591358472,2023-09-30,1039678074,"D√πng ·ªïn nh√© mn. H√†ng ch√≠nh h√†ng. Shop n√†y ·ªü ngo√†i m c≈©ng bi·∫øt n√™n ƒë√°nh b·∫°o mua online c√≥ th√™m m√£ gg c·ªßa shopee r·∫ª h∆°n nhi·ªÅu 
H√¨nh ·∫£nh mang t√≠nh ch·∫•t nh√¢nn xu",5,P002,PL03
18591358472,2023-10-09,1039678074,"Ch·∫•t l∆∞·ª£ng s·∫£n ph·∫©m:t·ªët
T√≠nh nƒÉng n·ªïi b·∫≠t:ƒë·∫πp
ƒê√∫ng v·ªõi m√¥ t·∫£:ddungs

Nh·∫≠n ƒë·ªß h√†ng giao nhanh ch·∫•t l∆∞·ª£ng tuy·ªát v·ªùi 10ƒë",5,P002,PL03
18591358472,2023-10-27,1039678074,"S·∫£n ph·∫©m ch·∫•t l∆∞·ª£ng, shop t∆∞ v·∫•n v√† h·ªó tr·ª£ nhi·ªát t√¨nh l·∫Øm nh√©",5,P002,PL03
18591358472,2023-09-14,1039678074,M√†u ƒë·∫πp c·ª±c mn ·∫° th·∫•y BH OK gi√° l·∫°i r·∫ª sƒÉn sale 10‚Ç´,5,P002,PL03
18591358472,2023-09-19,1039678074,Shop giao h√†ng nhanh ch√≥ng ƒë√≥ng g√≥i c·∫©n th·∫≠n l·∫Øm ·∫°,5,P002,PL03
18591358472,2023-10-07,1039678074,BH t·ªët ƒë·ªïi tr·∫£ cx r√µ r√†ng rep tn nhanh n·ª≠a ƒë√™m r h·ªèi vx rep 100‚Ç´,5,P002,PL03
18591358472,2023-09-20,1039678074,ƒêi·ªán tho·∫°i ƒë·∫πp l·∫Øm ·∫° b·∫£o h√†nh ok lu√¥n h√†ng ch√≠nh h√£ng gi√° l·∫°i r·∫ª h∆°n ch·ªó kh√°cÔøº,5,P002,PL03
18591358472,2023-09-29,1039678074,S·∫£n ph·∫©m t·ªët giao h√†ng nhanh n√™n mua,5,P002,PL03
18591358472,2023-09-29,1039678074,ƒêt ƒëep v√† m∆∞·ª£t l·∫Øm n√®,5,P002,PL03
18591358472,2023-09-28,1039678074,"Hwaran. T·∫°i ƒë√¢y, nam th·∫ßn C·∫≠u √öt Nh√† T√†i Phi·ªát chia s·∫ª nhi·ªÅu th√¥ng tin ƒë√°ng ch√∫ √Ω li√™n quan t·ªõi c√¥ng vi·ªác v√† cu·ªôc s·ªëng. ƒê·∫∑c bi·ªát, nh·ªØng chia s·∫ª c·ªßa anh v·ªÅ qu√Ω t·ª≠ ƒë·∫ßu l√≤ng ƒë√£ nh·∫≠n ƒë∆∞·ª£c s·ª± quan t√¢m l·ªõn t·ª´ c√¥ng ch√∫ng. Song Joong Ki h·∫°nh ph√∫c cho bi·∫øt con trai c∆∞ng ng√†y c√†ng tr·ªü n√™n c·ª©ng c√°p h∆°n v√† anh c√πng b√† x√£ Katy Louise Saunders thay phi√™n nhau chƒÉm s√≥c em b√© m·ªói ng√†y.",5,P002,PL03
18591358472,2023-09-29,1039678074,H√†ng ƒë√∫ng m√¥ t·∫£. Comment mang t√≠nh ch·∫•t nh·∫≠n xe l√† ch√≠nh. Shop nhi·ªát t√¨nh,5,P002,PL03
18591358472,2023-09-22,1039678074,Chu·∫©n x·ªãn nha s·∫ª wuay l·∫°i ·ªßng h·ªô shop n√®,5,P002,PL03
18591358472,2023-10-02,1039678074,,5,P002,PL03
18591358472,2023-10-20,1039678074,,5,P002,PL03
18591358472,2023-10-27,1039678074,,5,P002,PL03
18591358472,2023-10-29,1039678074,,5,P002,PL03
18591358472,2023-10-25,1039678074,,5,P002,PL03
18591358472,2023-09-28,1039678074,,5,P002,PL03
18591358472,2023-10-27,1039678074,,5,P002,PL03
18591358472,2023-09-29,1039678074,,5,P002,PL03
18591358472,2023-09-20,1039678074,,5,P002,PL03
18591358472,2023-09-27,1039678074,,5,P002,PL03
18591358472,2023-09-28,1039678074,,5,P002,PL03
18591358472,2023-09-30,1039678074,,5,P002,PL03
18591358472,2023-10-05,1039678074,,5,P002,PL03
18591358472,2023-10-05,1039678074,,5,P002,PL03
18591358472,2023-10-05,1039678074,,5,P002,PL03
18591358472,2023-10-05,1039678074,,5,P002,PL03
18591358472,2023-10-05,1039678074,,5,P002,PL03
18591358472,2023-11-08,1039678074,,5,P002,PL03
18591358472,2023-10-03,1039678074,,5,P002,PL03
18591358472,2023-09-15,1039678074,,5,P002,PL03
18591358472,2023-09-15,1039678074,,5,P002,PL03
18591358472,2023-09-15,1039678074,,5,P002,PL03
18591358472,2023-09-19,1039678074,,5,P002,PL03
18591358472,2023-09-20,1039678074,,5,P002,PL03
18591358472,2023-09-20,1039678074,,5,P002,PL03
18591358472,2023-09-20,1039678074,,5,P002,PL03
18591358472,2023-09-20,1039678074,,5,P002,PL03
18591358472,2023-09-20,1039678074,,5,P002,PL03
18591358472,2023-09-20,1039678074,,5,P002,PL03
18591358472,2023-09-20,1039678074,,5,P002,PL03
18591358472,2023-09-19,1039678074,,5,P002,PL03
18591358472,2023-09-19,1039678074,,5,P002,PL03
18591358472,2023-09-19,1039678074,,5,P002,PL03
18591358472,2023-09-20,1039678074,,5,P002,PL03
18591358472,2023-09-19,1039678074,,5,P002,PL03
18591358472,2023-09-22,1039678074,,5,P002,PL03
18591358472,2023-10-09,1039678074,,5,P002,PL03
18591358472,2023-10-09,1039678074,,5,P002,PL03
18591358472,2023-10-09,1039678074,,5,P002,PL03
18591358472,2023-10-09,1039678074,,5,P002,PL03
18591358472,2023-10-02,1039678074,,5,P002,PL03
18591358472,2023-10-02,1039678074,,5,P002,PL03
18591358472,2023-10-02,1039678074,,5,P002,PL03
18591358472,2023-09-23,1039678074,,5,P002,PL03
18591358472,2023-09-26,1039678074,,5,P002,PL03
18591358472,2023-09-26,1039678074,,5,P002,PL03
18591358472,2023-09-23,1039678074,,5,P002,PL03
18591358472,2023-09-23,1039678074,,5,P002,PL03
18591358472,2023-09-23,1039678074,,5,P002,PL03
18591358472,2023-09-24,1039678074,,5,P002,PL03
18591358472,2023-09-22,1039678074,,5,P002,PL03
18591358472,2023-09-26,1039678074,,5,P002,PL03
18591358472,2023-09-24,1039678074,,5,P002,PL03
18591358472,2023-09-23,1039678074,,5,P002,PL03
18591358472,2023-09-27,1039678074,,5,P002,PL03
18591358472,2023-09-27,1039678074,,5,P002,PL03
18591358472,2023-09-27,1039678074,,5,P002,PL03
18591358472,2023-09-27,1039678074,,5,P002,PL03
18591358472,2023-09-28,1039678074,,5,P002,PL03
18591358472,2023-09-30,1039678074,,5,P002,PL03
18591358472,2023-09-29,1039678074,,5,P002,PL03
18591358472,2023-09-29,1039678074,,5,P002,PL03
18591358472,2023-09-29,1039678074,,5,P002,PL03
18591358472,2023-09-29,1039678074,,5,P002,PL03
18591358472,2023-09-29,1039678074,,5,P002,PL03
18591358472,2023-09-29,1039678074,,5,P002,PL03
18591358472,2023-09-29,1039678074,,5,P002,PL03
18591358472,2023-09-28,1039678074,,5,P002,PL03
18591358472,2023-09-27,1039678074,,5,P002,PL03
18591358472,2023-09-30,1039678074,,5,P002,PL03
18591358472,2023-10-16,1039678074,,5,P002,PL03
18591358472,2023-10-13,1039678074,,5,P002,PL03
18591358472,2023-10-27,1039678074,,5,P002,PL03
18591358472,2023-10-28,1039678074,,5,P002,PL03
18591358472,2023-11-02,1039678074,,5,P002,PL03
18591358472,2023-11-13,1039678074,,5,P002,PL03
18591358472,2023-09-13,1039678074,,5,P002,PL03
24508410132,2024-03-14,1107128132,,5,P002,PL03
24508410132,2024-01-26,1107128132,,5,P002,PL03
24508410132,2024-01-27,1107128132,,5,P002,PL03
24508410132,2024-01-27,1107128132,,5,P002,PL03
24508410132,2024-01-19,1107128132,,5,P002,PL03
24508410132,2024-02-23,1107128132,,5,P002,PL03
24258723406,2024-03-06,1165274448,,5,P002,PL03
23481654966,2024-03-11,424715,"Shop n√†y uy t√≠n nha m·ªçi ng∆∞·ªùi, gi√° t·ªët qu√° n√™n m√¨nh h∆°i s·ª£. Nh∆∞ng khi nh·∫≠n ƒëc h√†ng r·ªìi th√¨ r·∫•t h√†i l√≤ng, m√°y nguy√™n seal m·ªõi 100%. Th·∫•y c√≤n √≠t l∆∞·ª£t mua qu√° n√™n mng ·ªßng h·ªô shop th√™m nha.ü•∞",5,P002,PL03
23481654966,2023-11-14,424715,,5,P002,PL03
20071011557,2023-06-12,65589552,"Shop g√≥i h√†ng kh√° k·ªπ, ƒëi·ªán tho·∫°i nh·ªè g·ªçn, c·∫ßm v·ª´a tay, m√†u xanh r√™u ƒë·∫πp, m·ªõi tr·∫£i nghi·ªám ƒë∆∞·ª£c 3 ng√†y th√¨ th·∫•y d√πng r·∫•t ·ªïn, ch·ª•p h√¨nh n∆°i t·ªëi thi·∫øu s√°ng kh√° ƒë·∫πp lu√¥n",5,P002,PL03
20071011557,2023-11-06,65589552,"Ch·∫•t l∆∞·ª£ng s·∫£n ph·∫©m:t·ªët
ƒê√∫ng v·ªõi m√¥ t·∫£:ƒë√∫ng

Ch·∫•t l∆∞·ª£ng th√¨ k ph·∫£i b√†n, nh·∫≠n nguy√™n h·ªôp full seal, m√°y ch·∫°y √™m m∆∞·ª£t m√†
Ngay d·ªãp sƒÉn sale 10.10 c√≤n c√≥ 14tr
Mua t·∫ßm 2 tu·∫ßn l√† dc auto k√≠ch ho·∫°t b·∫£o h√†nh ·∫°",5,P002,PL03
20071011557,2023-06-11,65589552,"T√≠nh nƒÉng n·ªïi b·∫≠t:r·∫•t t·ªët
Ch·∫•t l∆∞·ª£ng s·∫£n ph·∫©m:ch·∫•t l∆∞·ª£ng tuy·ªát v·ªùi
ƒê√∫ng v·ªõi m√¥ t·∫£:ƒë√∫ng m√¥ t·∫£

M√°y thi·∫øt k·∫ø r·∫•t ƒë·∫πp, ch·∫•t l∆∞·ª£ng gia c√¥ng t·ªët, c·∫ßm ch·∫Øc tay, m√†n h√¨nh r·∫•t ƒë·∫πp, m∆∞·ª£t m√†, m√°y m√°t, pin c≈©ng kh·ªèe, th·∫•y tr√¢u h∆°n note 10+",5,P002,PL03
20071011557,2023-07-16,65589552,"ƒê·ª£t sale h√® 15/6 shop gi·∫£m gi√° + √°p voucher shopee 1tr n√™n m√¨nh mua ƒë∆∞·ª£c gi√° 15tr4xx th·∫•y c√≥ v·∫ª l√† gi√° t·ªët nh·∫•t th·ªùi ƒëi·ªÉm ƒë√≥. Giao h√†ng nhanh. ƒê√¢y ko ph·∫£i flagship store c·ªßa samsung nh∆∞ng shop uy t√≠n.
Tr·∫£i nghi·ªám m√°y 2 tu·∫ßn c√≥ m·ªôt s·ªë review cho c√°c b·∫°n mua sau tham kh·∫£o. M√¨nh l√† ng∆∞·ªùi d√πng iphone 1 th·ªùi gian kh√° d√†i m·ªõi quay l·∫°i samsung.
- Ko th√≠ch: Fingerprint tr·ª±c ti·∫øp ok, qua l·ªõp c∆∞·ªùng l·ª±c gi·∫£m nh·∫°y kh√° r√µ r·ªát. M√¨nh ƒëi d√°n c∆∞·ªùng l·ª±c m√† xui sao tr√∫ng ph·∫£i c√°i ko scan v√¢n tay ƒë∆∞·ª£c, ph·∫£i v·ª©t lu√¥n ƒëi d√°n l·∫°i t·∫•m m·ªõi 350k th√¨ ok. Face ID ko nh·∫°y b·∫±ng iphone, m·ªôt s·ªë t√°c v·ª• ch·ªâ d√πng ƒë∆∞·ª£c fingerprint ho·∫∑c ∆∞u ti√™n fingerprint tr∆∞·ªõc face ID.
- Th√≠ch: Refresh rate cao h∆°n iphone XR n√™n c·∫£m gi√°c m∆∞·ª£t h∆°n. Camera ch·ª•p n·ªãnh m·∫Øt m√† v·∫´n c·∫£m gi√°c ch√¢n th·ª±c ch·ª© ko ·∫£o, ch·ª•p ban ƒë√™m s√°ng so s√°nh tr·ª±c ti·∫øp th·∫•y h∆°n h·∫≥n iphone 12 promax.",4,P002,PL03
20071011557,2023-06-12,65589552,"ƒê√∫ng v·ªõi m√¥ t·∫£:H√†ng ch√≠nh h√£ng
T√≠nh nƒÉng n·ªïi b·∫≠t:H√†ng m·ªõi
Ch·∫•t l∆∞·ª£ng s·∫£n ph·∫©m:T·ªët

S·∫£n ph·∫©m ch√≠nh h√£ng ƒë√∫ng m√¥ t·∫£. S·∫Ω ·ªßng h·ªô l·∫ßn sau.",5,P002,PL03
20071011557,2023-10-29,65589552,"M√°y d√πng ·ªïn ch∆∞a xu·∫•t hi·ªán l·ªói v·∫∑t g√¨, giao h√†ng nhanh, ƒë√≥ng g√≥i kƒ©, canh sale mua ƒë∆∞·ª£c v·ªõi gi√° d∆∞·ªõi 15tr qu√° ok",5,P002,PL03
20071011557,2023-03-29,65589552,"ƒê√∫ng v·ªõi m√¥ t·∫£:green
T√≠nh nƒÉng n·ªïi b·∫≠t:S23 5G 8Gb/256Gb

Ch√≠nh h√£ng, nguy√™n seal full box, ƒë√≥ng g√≥i k·ªπ, 2 l·ªõp ch·ªëng s√≥c. Mua ƒë∆∞·ª£c gi√° flash sale m√† c√≤n ƒë∆∞·ª£c √°p d·ª•ng voucher 1trxxx. ƒê√£ v·∫≠y ƒë∆∞·ª£c mua combo v·ªõi ·ªëp l∆∞ng adidas ch√≠nh h√£ng v·ªõi gi√° 0ƒë, qua xa ƒëa üí•üí•üí•",5,P002,PL03
20071011557,2023-06-20,65589552,"ƒê√∫ng v·ªõi m√¥ t·∫£:ok
Ch·∫•t l∆∞·ª£ng s·∫£n ph·∫©m:t·ªët
T√≠nh nƒÉng n·ªïi b·∫≠t:ok

Mua 7749 l·∫ßn ·ªü shop kh√°c b·ªã giam ti·ªÅn r·ªìi t·ªõi shopee ch·∫≠m tr·∫£ ti·ªÅn. T·ªõi l√∫c mua ·ªü ƒë√¢y th√¨ giao h√†ng nhanh g·ªçn, gi·∫£m gi√° s√¢u, nguy√™n seal, t·∫∑ng k√®m c√°i bao adidas n·ªØa ch·ª©. 5 sao",5,P002,PL03
20071011557,2023-07-08,65589552,"Ch·∫•t l∆∞·ª£ng s·∫£n ph·∫©m:5*
ƒê√∫ng v·ªõi m√¥ t·∫£:ƒë√∫ng

L·∫ßn ƒë·∫ßu mua ƒë·ªì gi√° tr·ªã cao tr√™n shopee. Th·∫•y c≈©ng oke. M√¨nh sƒÉn sale ƒëc 14tr1. Mua ƒëc kho·∫£nh 1-2 tu·∫ßn l√† t·ª± ƒë·ªông k√≠ch ho·∫°t b·∫£o h√†nh. CSKH t·ªët.",5,P002,PL03
20071011557,2023-06-19,65589552,"S·∫£n ph·∫©m ch√≠nh h√£ng, giao h√†ng nhanh.
M√¨nh mua ƒë∆∞·ª£c k√®m voucher gi·∫£m 15% n√™n gi√° r·∫•t t·ªët, r·∫ª h∆°n h·∫≥n c√°c chu·ªói b√°n l·∫ª kh√°c tr√™n th·ªã tr∆∞·ªùng.",5,P002,PL03
20071011557,2023-10-17,65589552,"ƒë√≥ng g√≥i c·∫©n th·∫≠n, giao h√†ng nhanh, shop ph·∫£n h·ªìi tnhan h∆°i ch·∫≠m x√≠u. sƒÉn sale 10.10 c√≤n 14tr300 r·∫ª h∆°n mua ngo√†i nhi·ªÅu ·∫°. ƒë·∫Øn ƒëo ban ƒë·∫ßu y√™u c·∫ßu h·ªßy ƒë∆°n t·ª´ s√°ng l√∫c ch∆∞a giao h√†ng, ƒë·∫øn chi·ªÅu t√∫i shop v·∫´n giao h√†ng cho b√™n v·∫≠n chuy·ªÉn. n√™n th√¥i l·∫•y lu√¥n ch·ª© ng·∫°i t·ª´ ch·ªëi shipper l·∫Øm. m√°y ƒë·∫πp, nguy√™n seal, c√¢c b·∫°n y√™n t√¢m mua ·∫°",5,P002,PL03
20071011557,2023-06-18,65589552,"Ch·∫•t l∆∞·ª£ng s·∫£n ph·∫©m:h√†ng nguy√™n seal, m·ªõi s·∫£n xu·∫•t 2023
ƒê√∫ng v·ªõi m√¥ t·∫£:m√†u h·ªìng ƒë√∫ng

Giao h√†ng h∆°i l√¢u, nh∆∞ng b·ªçc ch·ªëng va ƒë·∫≠p kƒ©, m·ªói t·ªôi h·ªôp ngo√†i h∆°i s∆° s√†i so v·ªõi v·∫≠n chuy·ªÉn 1 chi·∫øc ƒët. ƒêi·ªán tho·∫°i h∆°i nh·ªè c·∫ßm h∆°i l·ªçt tay, c·∫ßn mua ·ªëp to, m·ªói khi kh·ªüi ƒë·ªông l·∫°i m√°y h∆°i n√≥ng, ƒë∆∞·ª£c c√°i d√πng m∆∞·ª£t, ko c√≥ ·ªï c·∫Øm, tai nghe ph·∫£i mua th√™m ngo√†i",5,P002,PL03
20071011557,2023-10-21,65589552,Nh·∫≠n h√†ng ∆∞ng √Ω. SƒÉn ƒëc gi√° 14390 cao h∆°n m·∫•y b·∫°n t√≠ nh∆∞ng h√†i l√≤ng sau 1 tu·∫ßn sd.,5,P002,PL03
20071011557,2023-11-09,65589552,"Ch·∫•t l∆∞·ª£ng s·∫£n ph·∫©m:·ªïn
T√≠nh nƒÉng n·ªïi b·∫≠t:m∆∞·ª£t
ƒê√∫ng v·ªõi m√¥ t·∫£:ƒë√∫ng

ƒêi·ªán tho·∫°i mua ch√≠nh h√£ng, nguy√™n seal, l·∫ßn ƒë·∫ßu mua h√†ng gi√° tr·ªã cao qua shopee n√™n h∆°i lo, nh∆∞ng shop ƒë√≥ng g√≥i c·∫©n th·∫≠n, kho·∫£ng h∆°n tu·∫ßn th√¨ k√≠ch ho·∫°t b·∫£o h√†nh online. Tr·∫£i nghi·ªám d√πng qua 20 ng√†y th√¨ th·∫•y m√°y m∆∞·ª£t, s√≥ng h∆°i y·∫øu, ƒë·∫∑c tr∆∞ng c·ªßa samsung. Pin k ƒë∆∞·ª£c tr√¢u l·∫Øm, kho·∫£ng 5 6 ti·∫øng. Mua sale 15.10 ƒë∆∞·ª£c gi√° t·ªët, kh√° h√†i l√≤ng",5,P002,PL03
20071011557,2023-11-01,65589552,May em ok giao hang nhanhhh shop chinh hang mua yen tam nha shop,5,P002,PL03
20071011557,2023-03-25,65589552,"T√≠nh nƒÉng n·ªïi b·∫≠t:khas ok
Ch·∫•t l∆∞·ª£ng s·∫£n ph·∫©m:t·ªët nguy√™n seals

H√†ng ch√≠nh h√£ng, nguy√™n seals . R·∫•t ok",5,P002,PL03
20071011557,2023-08-14,65589552,"Giao h√†ng si√™u nhanh. M√†u lavender nh∆∞ng th·ª±c t·∫ø l√† m√†u h·ªìng, r·∫•t ph√π h·ª£p cho fan c·ªßa blackpink v√† inter miami.",5,P002,PL03
20071011557,2023-10-21,65589552,"M√°y giao nhanh, nh·ªè g·ªçn, ƒë·∫πp. D√πng pin kh√¥ng tr√¢u l·∫Øm. Nh∆∞ng ·ªïn. R·∫ª h∆°n mua ·ªü ngo√†i",5,P002,PL03
20071011557,2023-07-19,65589552,"ƒê·∫ßu ti√™n tr·ª´ 1 sao v√¨ ƒë√≥ng g√≥i, chu·∫©n b·ªã h√†ng si√™u l√¢u v√† v·∫≠n chuy·ªÉn qu√° t·ªá. H∆°n 1 tu·∫ßn m·ªõi nh·∫≠n dc m√† h√†ng gi√° tr·ªã cao m√† m√¨nh nh·∫≠n dc h·ªôp h√†ng m√† shock lu√¥n ƒë√≥ :) t·ªá h∆°n m√¨nh mua h√†ng m·∫•y trƒÉm ng√†n n·ªØa :) 

Sau c≈©ng r√°ng x√†i dc 1 th√°ng th√¨ m√°y c≈©ng ·ªïn, c√≥ v·∫ª ko b·ªã tr√°o h√†ng :) tuy nhi√™n m√¨nh th·∫•y m√°y kh√° l√† nhanh n√≥ng, v√† pin ko tr√¢u l·∫Øm, ko d√πng li√™n t·ª•c th√¨ d√πng dc kho·∫£ng 1 ng√†y (v√¨ trc ƒë√≥ m√¨nh d√πng S21+ th√¨ pin si√™u tr√¢u d√πng dc c·∫£ 1 ng√†y r∆∞·ª°i, c√≥ l·∫Ω 1 ph·∫ßn do dung l∆∞·ª£ng pin c·ªßa m√°y to h∆°n v√† m√°y ko n√≥ng nhanh nh∆∞ S23 n√†y). 

M√°y ƒë·∫πp, m√†u tr·∫Øng kem n√†y si√™u ƒë·∫πp, v·∫≠n h√†nh m∆∞·ª£t, dc t·∫∑ng ·ªëp adidas ch√≠nh h√£ng x·ªãn x√≤ c·ª©ng c√°p v√† m√¨nh sƒÉn ƒë∆∞·ª£c gi√° t·ªët n·ªØa n√™n v·∫´n cho 4*, mong shop xem l·∫°i kh√¢u ƒë√≥ng g√≥i v√† v·∫≠n chuy·ªÉn ƒë·ªÉ tr·∫£i nghi·ªám mua s·∫Øm l·∫ßn sau t·ªët h∆°n n·ªØa.",4,P002,PL03
20071011557,2023-07-06,65589552,"T√≠nh nƒÉng n·ªïi b·∫≠t:t·ªët
Ch·∫•t l∆∞·ª£ng s·∫£n ph·∫©m:t·ªët
ƒê√∫ng v·ªõi m√¥ t·∫£:ƒë√∫ng

M√°y nh·ªè g·ªçn, c·∫ßm n·∫Øm r·∫•t t·ªët. Camera t∆∞∆°ng ƒë·ªëi t·ªët, nh·ªânh h∆°n iPhone 12 Pro Max 1 ch√∫t, ch·ª•p ƒë√™m  ch∆∞a qu√° xu·∫•t s·∫Øc. Quay video ·ªïn, m√°y m∆∞·ª£t, pin t·ªët ƒë·ªëi v·ªõi m·ªôt m·∫´u m√°y nh·ªè g·ªçn. M√°y kh√¥ng qu√° n√≥ng khi s·ª≠ d·ª•ng. Tr·∫£i nghi·ªám chung kh√° ·ªïn t·ª´ ng∆∞·ªùi d√πng iOS mu·ªën th·ª≠ chuy·ªÉn sang Samsung.",5,P002,PL03
20071011557,2023-11-14,65589552,"Shop giao h√†ng nhanh, ƒë√≥ng g√≥i r·∫•t c·∫©n th·∫≠n, h√†ng date xa, ƒë·∫πp. S·∫Ω ·ªßng h·ªô shop th√™m nhi·ªÅu l·∫ßn n·ªØa",5,P002,PL03
20071011557,2023-04-05,65589552,Shop ƒë√≥ng g√≥i h√†ng c·∫©n th·∫≠n. Giao nhanh. Ch·∫•t l∆∞·ª£ng s·∫£n ph·∫©m t·ªët. Tks shop.,5,P002,PL03
20071011557,2023-11-03,65589552,"Nh·∫≠n h√†ng nhanh, gi√° sale c·ª±c t·ªët, k√≠ch ho·∫°t b·∫£o h√†nh ƒë√∫ng th·ªùi h·∫°n",5,P002,PL03
20071011557,2023-06-14,65589552,Chu·∫©n b·ªã v√† giao h√†ng ko nhanh l·∫Øm. Ko mua deal k√®m ·ªëp adidas ƒë∆∞·ª£c. Gi√° flash sale v√† ch∆∞a flash sale nh∆∞ nhau. M√£ km ko √°p d·ª•ng ƒë∆∞·ª£c cho acc kim c∆∞∆°ng th√†nh ra l·∫•y acc b√¨nh th∆∞·ªùng mua l·∫°i ret h∆°n. H·ªó tr·ª£ nhanh trong chat,5,P002,PL03
20071011557,2023-07-12,65589552,"ƒê√∫ng v·ªõi m√¥ t·∫£:ƒë√∫ng v·ªõi m√¥ t·∫£
Ch·∫•t l∆∞·ª£ng s·∫£n ph·∫©m:t·ªët

Sau g·∫ßn 1 th√°ng mua m√°y v·∫´n ch∆∞a k√≠ch ho·∫°t b·∫£o h√†nh ƒëi·ªán t·ª≠, m√¨nh nh·∫Øn cho shop 5 l·∫ßn m√† kh√¥ng th·∫•y tr·∫£ l·ªùi lu√¥n.",1,P002,PL03
20071011557,2023-10-16,65589552,"H√†ng chu·∫©n ch√≠nh h√£ng, k√≠ch ho·∫°t b·∫£o h√†nh sau khi nh·∫≠n m√°y. M√°y nh√¨n chung nh·ªè g·ªçn, m∆∞·ª£t v√† ch·ª•p ·∫£nh r·∫•t ƒë·∫πp.",5,P002,PL03
20071011557,2023-10-22,65589552,"H√†ng ch√≠nh h√£ng ssvn, giao nhanh, k√≠ch ho·∫°t b·∫£o h√†nh online.",5,P002,PL03
20071011557,2023-06-17,65589552,"M√°y ƒë·∫πp, m√†u tr√™n h√¨nh s·∫Ω l·ªách so v·ªõi th·ª±c t·∫ø, b·∫°n n√†o ƒëang c√¢n nh·∫Øc th√¨ t·ªët nh·∫•t ra c·ª≠a h√†ng xem th·ª≠ tr∆∞·ªõc. Mua tr√™n shopee ƒë∆∞·ª£c √°p m√£ r·∫ª h∆°n ngo√†i c·ª≠a h√†ng.",5,P002,PL03
20071011557,2023-06-09,65589552,"ƒê√∫ng v·ªõi m√¥ t·∫£:yes
Ch·∫•t l∆∞·ª£ng s·∫£n ph·∫©m:so far working perfectly
T√≠nh nƒÉng n·ªïi b·∫≠t:as per description

received in 1 day, amazing speed",5,P002,PL03
20071011557,2023-06-22,65589552,"Ok, giao nhanh, gi√° h∆°p l√Ω. M√°y m·ªõi, nguy√™n seal!",5,P002,PL03
20071011557,2023-07-07,65589552,Mua ƒëc vs gi√° h∆°n 15x. Ko c√≥ g√¨ ƒë·ªÉ ch√™ ngo·∫°i tr·ª´ vi·ªác d√πng quen ƒëth to r chuy·ªÉn sang nh·ªè g·ªçn h∆°i ko quen x√≠u. C√≤n ƒë√¢u good,5,P002,PL03
20071011557,2023-10-15,65589552,ƒêi·ªán tho·∫°i d√πng kh√° ·ªïn,5,P002,PL03
20071011557,2023-06-09,65589552,,5,P002,PL03
20071011557,2023-10-24,65589552,ƒê√∫ng m√¥ t·∫£,5,P002,PL03
20071011557,2023-10-14,65589552,,5,P002,PL03
20071011557,2023-10-20,65589552,,5,P002,PL03
20071011557,2023-10-17,65589552,,5,P002,PL03
20071011557,2023-10-14,65589552,,5,P002,PL03
20071011557,2023-10-29,65589552,,5,P002,PL03
20071011557,2023-07-01,65589552,,5,P002,PL03
20071011557,2023-06-30,65589552,,5,P002,PL03
20071011557,2023-07-01,65589552,,5,P002,PL03
20071011557,2023-06-22,65589552,,5,P002,PL03
20071011557,2023-06-21,65589552,,5,P002,PL03
20071011557,2023-06-19,65589552,,5,P002,PL03
20071011557,2023-06-12,65589552,,5,P002,PL03
20071011557,2023-06-08,65589552,,5,P002,PL03
20071011557,2023-06-10,65589552,,5,P002,PL03
20071011557,2023-05-30,65589552,,5,P002,PL03
20071011557,2023-04-06,65589552,,4,P002,PL03
20071011557,2023-04-03,65589552,,5,P002,PL03
20071011557,2023-03-28,65589552,,5,P002,PL03
20071011557,2023-03-23,65589552,,5,P002,PL03
18373937085,2023-10-21,349543642,"Mua h√†ng online gi√° tr·ªã cao n√™n h∆°i lo, shop l·∫°i chu·∫©n b·ªã h√†ng kh√° l√¢u, nh·∫≠n ƒë∆∞·ª£c h√†ng m·ªõi y√™n t√¢m, ƒë√≥ng g√≥i v√† ni√™m phong r·∫•t k·ªπ, m√°y m·ªõi nguy√™n seal, ch√≠nh h√£ng SS, ƒë∆∞·ª£c k√≠ch ho·∫°t b·∫£o h√†nh 1 ng√†y sau khi nh·∫≠n m√°y, m√°y nh·∫π v√† ƒë·∫πp, r·∫•t h√†i l√≤ng",5,P002,PL03
18373937085,2023-03-18,349543642,"Shop giao h√†ng nhanh, ƒë√≥ng g√≥i kƒ© l∆∞·ª°ng, gi√° c·∫£ ph·∫£i chƒÉng, s·∫£n ph·∫©m chu·∫©n ƒë√∫ng nh∆∞ h√¨nh ·∫£nh.",5,P002,PL03
18373937085,2023-10-11,349543642,"M√°y nguy√™n seal, ch√≠nh h√£ng SSVN",5,P002,PL03
18373937085,2024-01-24,349543642,,5,P002,PL03
18373937085,2023-07-26,349543642,,5,P002,PL03
18373937085,2023-07-17,349543642,,5,P002,PL03
18373937085,2023-03-15,349543642,,5,P002,PL03
18373937085,2023-03-21,349543642,,5,P002,PL03
17996424484,2024-02-15,65589552,"M√¨nh nh·∫≠n ƒëi·ªán tho·∫°i ƒë∆∞·ª£c g·∫ßn 4 tu·∫ßn r·ªìi m·ªõi d√°m review n√®. T·∫°i v√¨ m√¨nh tin r·∫±ng ph·∫ßn review n√†y l√† r·∫•t quan tr·ªçng cho nh·ªØng ng∆∞·ªùi kh√°c tham kh·∫£o. Mua m√≥n h√†ng gi√° tr·ªã cao tr√™n shopee c≈©ng run l·∫Øm ch·ª© b·ªô! 
1. ƒêi·ªán tho·∫°i x√†i ·ªïn √°p, t·ªõi h c≈©ng ch∆∞a c√≥ v·∫•n ƒë·ªÅ g√¨, b·∫£o h√†nh ƒëi·ªán t·ª≠ ƒë√£ ƒë∆∞·ª£c k√≠ch ho·∫°t. 
2. M√¨nh mua v√†o ng√†y 16/1 sau sale 1 ng√†y nh∆∞ng gi√° l·∫°i r·∫ª h∆°n ng√†y 15, qu√° ƒë·ªânh. 12,141k v√† l·∫°i c√≤n ƒë∆∞·ª£c tr·∫£ g√≥p 9 th√°ng. Th·∫≠t s·ª± m√¨nh nghƒ© kh√¥ng ·ªü ƒë√¢u h·ªùi h∆°n. 
3. V·∫≠n chuy·ªÉn th√¨ ta n√≥i n√≥ l√† m·ªôt n·ªët ch√¨m trong c√°i ƒë∆°n h√†ng n√†y lun √°. Giao tr·ªÖ h∆°n 1 tu·∫ßn, l√¢u c·ª±c k·ª≥! R√πi c√°i h·ªôp c≈©ng tan n√°t l·∫Øm lun kh√¥ng nh∆∞ m√¨nh nghƒ©. Ai ·ªü mi·ªÅn nam mua th√¨ nh·ªõ c·∫ßu nguy·ªán nh√¨u v√†o nh√©. H√™n l√† b√™n trong v·∫´n ·ªïn. L√∫c ng∆∞·ªùi ta giao h√†ng m√¨nh kh√¥ng c√≥ nh√†, shipper c√≤n h·ªèi m√¨nh c√≥ ai l·∫•y d√πm ƒë∆∞·ª£c kh√¥ng üò≤, m√¨nh t∆∞·ªüng ƒë∆°n h√†ng cao th√¨ kh√¥ng l·∫•y d√πm ƒë∆∞·ª£c ch·ª© ta? R·ªìi m√¨nh back l·∫°i kho, ra kho l·∫•y th√¨ ph·∫£i c√≥ cccd nh√©.",5,P002,PL03
17996424484,2024-02-14,65589552,"H√†ng m·ªõi nguy√™n seal lu√¥n, b√≥c m√† run c·∫£ tay lu√¥n ch·ª©, h√†ng giao nhanh v√† d√πng r·∫•t t·ªët. ƒê·∫ßy ƒë·ªß combo t·ª´ s·∫°c ƒë·∫øn que ch·ªçc sim lu√¥n, ch·∫•t l∆∞·ª£ng l·∫Øm nh√©. SƒÉn gi√° 12 tri·ªáu th·∫•y kh√° ·ªïn √°p !",5,P002,PL03
17996424484,2024-01-24,65589552,"ƒê√∫ng v·ªõi m√¥ t·∫£:ƒë√∫ng v·ªõi m√¥ t·∫£, h√†ng m·ªõi nguy√™n seal lu√¥n
Ch·∫•t l∆∞·ª£ng s·∫£n ph·∫©m:r·∫•t t·ªët nh∆∞ m·ªõi
T√≠nh nƒÉng n·ªïi b·∫≠t:ƒëi·ªán tho·∫°i samsung S23

L·∫ßn ƒë·∫ßu mua ƒëi·ªán tho·∫°i online v·ª´a ƒë∆∞·ª£c h√†ng x·ªãn, v·ª´a ƒë∆∞·ª£c gi√° t·ªët. 10ƒë hok c√≥ chi",5,P002,PL03
17996424484,2024-01-18,65589552,"Ch·∫•t l∆∞·ª£ng s·∫£n ph·∫©m:m√°y tr∆°n tru m∆∞·ª£t m√†
ƒê√∫ng v·ªõi m√¥ t·∫£:qu√° tuy·ªát v·ªùi
T√≠nh nƒÉng n·ªïi b·∫≠t:m√°y m·ªõi

Nh·∫≠n m√°y nhanh h∆°n v·ªõi d·ª• t√≠nh h√°o h·ª©c m·ªü m√°y",5,P002,PL03
17996424484,2024-01-11,65589552,"Ch·∫•t l∆∞·ª£ng s·∫£n ph·∫©m:t·ªët
ƒê√∫ng v·ªõi m√¥ t·∫£:ƒë√∫ng
T√≠nh nƒÉng n·ªïi b·∫≠t:ok

M√¨nh sƒÉn ƒëc gi√° 12tr7 n√™n th·∫•y r·∫•t h·ª£p l√Ω. ƒêth ch·ª•p thi·∫øu s√°ng t·ªët.",5,P002,PL03
17996424484,2024-01-20,65589552,"Ch·∫•t l∆∞·ª£ng s·∫£n ph·∫©m:ok
ƒê√∫ng v·ªõi m√¥ t·∫£:ok
T√≠nh nƒÉng n·ªïi b·∫≠t:m√°y g·ªçn nh·∫π √¥k

Sp r·∫•t ph√π h·ª£p v·ªõi ai c·∫ßn m√°y g·ªçn nh·∫π m∆∞·ª£t. SƒÉn ƒëc gi√° t·ªët trc th·ªùi ƒëi·ªÉm s24 ra m·∫Øt...",5,P002,PL03
17996424484,2024-02-24,65589552,"ƒê√∫ng v·ªõi m√¥ t·∫£:ƒë√∫ng
T√≠nh nƒÉng n·ªïi b·∫≠t:camera ƒë·∫πp, m√°y g·ªçn nh·∫π
Ch·∫•t l∆∞·ª£ng s·∫£n ph·∫©m:ok

ƒë√∫ng h√†ng ch√≠nh h√£ng, r·∫•t h√†i l√≤ng v·ªõi s·ªë ti·ªÅn b·ªè ra",5,P002,PL03
17996424484,2024-01-05,65589552,"Ch·∫•t l∆∞·ª£ng s·∫£n ph·∫©m:T·ªët

M√°y ch√≠nh h√£ng nguy√™n seal kh√¥ng c√≥ g√¨ ƒë·ªÉ lƒÉn tƒÉn, sƒÉn sale gi√° t·ªët, n√™n mua nha mn. Xin ƒë√≠nh k√®m ·∫£nh m√°y n√†y ch·ª•p kk",5,P002,PL03
17996424484,2024-01-08,65589552,"Ch·∫•t l∆∞·ª£ng s·∫£n ph·∫©m:ch√≠nh h√£ng, x·ªãn x√≤
ƒê√∫ng v·ªõi m√¥ t·∫£:tuy·ªát v·ªùi
T√≠nh nƒÉng n·ªïi b·∫≠t:si√™u m∆∞·ª£t v√† ƒë·∫πp. t·∫∑ng ·ªëp v√† c·ªß s·∫°c 25W",5,P002,PL03
17996424484,2024-01-07,65589552,"Ch·∫•t l∆∞·ª£ng s·∫£n ph·∫©m:t·ªët
T√≠nh nƒÉng n·ªïi b·∫≠t:ok
ƒê√∫ng v·ªõi m√¥ t·∫£:ƒë√∫ng m√¥ t·∫£

ƒêi·ªán tho·∫°i ok, c√≥ ƒëi·ªÅu chat v·ªõi shop t·∫∑ng ·ªëp ƒëen m√† c≈©ng kh√¥ng ƒë∆∞·ª£c h·ªï tr·ª£",3,P002,PL03
17996424484,2024-01-11,65589552,"Combo s·∫£n ph·∫©m gi√° t·ªët, ch·∫•t l∆∞·ª£ng t·ªët. Shop ƒë√≥ng g√≥i r·∫•t c·∫©n th·∫≠n. Giao h√†ng nhanh ch√≥ng.",5,P002,PL03
17996424484,2024-01-18,65589552,"ƒê√∫ng v·ªõi m√¥ t·∫£:ƒë√∫ng m√¥ t·∫£ gi√°o h√†ng nhanh. sƒÉn sale mua ƒëc ƒët nh∆∞ √Ω
Ch·∫•t l∆∞·ª£ng s·∫£n ph·∫©m:good

Sp t·ªët gi√¢ r·∫ª",5,P002,PL03
17996424484,2024-01-24,65589552,"M√°y x·ªãn, ch√≠nh h√£ng, nguy√™n seal
M√¨nh m·ªõi mua dc 1 tu·∫ßn nh∆∞ng h∆°i nh·ªè so v·ªõi tay
B·∫°n n√†o c√≥ nhu c·∫ßu m√¨nh b√°n l·∫°i gi√° 11 c·ªß bao g·ªìm m√°y, s·∫°c 25W v√† b·ªô ·ªëp, k√≠nh c∆∞·ªùng l·ª±c gor
M√¨nh ·ªü c√°t h·∫£i, H·∫£i ph√≤ng ho·∫∑c y√™n phong, b·∫Øc ninh
0982261629",5,P002,PL03
17996424484,2024-01-25,65589552,"Ch·∫•t l∆∞·ª£ng s·∫£n ph·∫©m:nguy√™n seal
T√≠nh nƒÉng n·ªïi b·∫≠t:nh·ªè g·ªçn
ƒê√∫ng v·ªõi m√¥ t·∫£:ok

OK nha mn!",5,P002,PL03
17996424484,2024-01-01,65589552,"ƒêi·ªán tho·∫°i m√†u ƒëen m√† cho qu·∫£ ·ªëp m√†u tr·∫Øng, bu·ªìn qu√°",3,P002,PL03
17996424484,2024-01-20,65589552,"T√≠nh nƒÉng n·ªïi b·∫≠t:Nh·ªè g·ªçn ch·∫Øc ch·∫Øn, c√≥ s·∫°c nh√°nh
ƒê√∫ng v·ªõi m√¥ t·∫£:ƒê√∫ng
Ch·∫•t l∆∞·ª£ng s·∫£n ph·∫©m:T·ªët ngo√†i mong ƒë·ª£i

Shop b√°n t·ª± ƒë·ªông kh√¥ng duy·ªát cho h·ªßy n√™n m√¨nh l·∫•y lu√¥n. M√°y nh·ªè g·ªçn, tuy thi·∫øt k·∫ø gi·ªëng d√≤ng Galaxy A nh∆∞ng c·∫ßm l√™n s·∫Ω th·∫•y ƒë√∫ng chu·∫©n l√† flagship. B·∫•t ng·ªù khi c√≥ c·∫£ s·∫°c nh√°nh ƒë·ªÉ ch∆°i game. Camera t·ªët, loa t·ªët nh∆∞ng kh√¥ng qu√° n·ªïi tr·ªôi so v·ªõi iPhone 13. C·ª•c s·∫°c k√®m theo nh·ªè b·∫•t ng·ªù so v·ªõi ƒë·ªùi 25W c≈©. M√†u ƒëen ƒë·∫πp h∆°n tr√™n h√¨nh.
Pin m·∫•y ng√†y ƒë·∫ßu h∆°i y·∫øu nh∆∞ng sau khi ƒë∆∞·ª£c t·ªëi ∆∞u th√¨ ·ªïn.
Ph·∫ßn m·ªÅm kh√¥ng c√≥ nhi·ªÅu hi·ªáu ·ª©ng th√≠ch m·∫Øt nh∆∞ng ƒë∆∞·ª£c trau chu·ªët v√† ho·∫°t ƒë·ªông ·ªïn ƒë·ªãnh. Ch·ª©c nƒÉng s·∫°c nh√°nh ho·∫°t ƒë·ªông t·ªët, Snapdragon 8 Gen 2 c√≥ v·∫ª n√≥ng h∆°n A15. Hi·ªáu nƒÉng ·ªïn ƒë·ªãnh.
T√≥m l·∫°i v·ªõi gi√° 11tr9 th√¨ kh√¥ng c√≥ ƒëi·ªÉm g√¨ ch√™, ch·ªâ l√† m√°y kh√° k√©n ng∆∞·ªùi d√πng v√† ph·ª• ki·ªán kh√¥ng ƒëa d·∫°ng.",5,P002,PL03
17996424484,2023-12-24,65589552,"Ch·∫•t l∆∞·ª£ng s·∫£n ph·∫©m:h√†ng ch√≠nh h√£ng, nguy√™n h·ªôp
T√≠nh nƒÉng n·ªïi b·∫≠t:S23 base 8|128 GB
ƒê√∫ng v·ªõi m√¥ t·∫£:s·∫£n ph·∫©m nh∆∞ m√¥ t·∫£

ƒê√≥ng g√≥i ti√™u chu·∫©n. Giao v·∫≠n nhanh, giao h√†ng th√¨ ch·∫≠m 2 ng√†y. Nv giao h√†ng ch∆∞a linh ƒë·ªông trong giao h√†ng.",5,P002,PL03
17996424484,2024-01-02,65589552,"Nh·∫≠n h√†ng ƒë·ªß ƒë·ªì, ƒë√≥ng g√≥i c·∫©n th·∫≠n, giao nhanh trong 2 h√¥m. kh√¥ng c√≥ g√¨ ƒë·ªÉ ch√™",5,P002,PL03
17996424484,2023-12-18,65589552,"ƒê√∫ng v·ªõi m√¥ t·∫£:sp ch√≠nh h√£ng
Ch·∫•t l∆∞·ª£ng s·∫£n ph·∫©m:t·ªët

H√†ng ch√≠nh h√£ng, gi√° t·ªët",5,P002,PL03
17996424484,2023-12-29,65589552,"Nh·∫≠n ƒë∆∞·ª£c ƒëi·ªán tho·∫°i + ƒë·ªß qu√†. Ship nhanh. Nh∆∞ng d·ªãch v·ª• b√°n h√†ng kh√° t·ªá: (1) h·ªôp carton b√™n ngo√†i b·ªã r√°ch g√≥c v√† ·ªçp ·∫πp 1 c√°ch ko ch·∫•p nh·∫≠n ƒë∆∞·ª£c; (2) ƒë√£ nh·∫Øn tin l∆∞u √Ω shop l·∫•y ·ªëp m√†u ƒëen ƒë·ªÉ tr√πng m√†u v·ªõi ƒëi·ªán tho·∫°i, nh∆∞ng cu·ªëi c√πng v·∫´n ra m√†u tr·∫Øng",3,P002,PL03
17996424484,2024-01-20,65589552,"M√°y nh·ªè g·ªçn c·∫ßm th√≠ch tay
Cam ƒë·∫πp
Pin y·∫øu. ƒê·ªÉ qua ƒë√™m t·ª•t 5%
V√¢n tay nh·∫°y nh∆∞ng d√°n c∆∞·ªùng l·ª±c th√¨ ki·∫øp n√†y coi nh∆∞ b·ªè
Mua ƒëc gi√° r·∫ª nh∆∞ng ch∆∞a ph·∫£i gi√° ƒë√°y",4,P002,PL03
17996424484,2023-12-29,65589552,"Ch·∫•t l∆∞·ª£ng s·∫£n ph·∫©m:ch√≠nh h√£ng

ƒê·∫∑t h√¥m tr∆∞·ªõc th√¨ h√¥m sau ƒë√£ giao h√†ng , sƒÉn sale ƒë∆∞·ª£c gi√° t·ªët",5,P002,PL03
17996424484,2024-02-01,65589552,"S·∫£n ph·∫©m gi·ªëng v·ªõi m√¥ t·∫£ c·ªßa shop
giao h√†ng nhanh
ƒë√≥ng g√≥i ƒë·∫πp.",5,P002,PL03
17996424484,2024-02-26,65589552,"ƒêi·ªán tho·∫°i giao kh√¥ng nhanh l·∫Øm, shop rep kh√° nhi·ªát t√¨nh, l√∫c m√¨nh mua c√≤n m·ªói m√†u ƒëen. Nguy√™n ƒëai nguy√™n ki·ªán kkk",5,P002,PL03
17996424484,2024-01-21,65589552,"Ch·∫•t l∆∞·ª£ng s·∫£n ph·∫©m:ngon
ƒê√∫ng v·ªõi m√¥ t·∫£:ƒë√∫ng
T√≠nh nƒÉng n·ªïi b·∫≠t:nhanh g·ªçn l·∫π, m√† t·∫∑ng ·ªëp m√†u tr·∫Øng th√¨ h∆°i d∆°",5,P002,PL03
17996424484,2024-01-18,65589552,S·∫£n ph·∫©m t·ªët gi√° ∆∞u ƒë√£i mong c·ª≠a h√†ng h·ªó tr·ª£ ƒë·ªÉ k√≠ch ho·∫°t b·∫£o h√†nh ƒëi·ªán t·ª≠,5,P002,PL03
17996424484,2023-12-17,65589552,"h√†ng ch√≠nh h√£ng , canh sale gi√° qu√° t·ªët cho 1 combo 12.778.800",5,P002,PL03
17996424484,2024-02-18,65589552,"T√¥i ƒë·∫∑t h√†ng h√¥m 15/1,18/1 nh·∫≠n ƒë∆∞·ª£c m√°y nh∆∞ng kh√¥ng k√≠ch ho·∫°t b·∫£o h√†nh ƒë∆∞·ª£c.ƒê·∫øn 22/1 m√°y ƒë∆∞·ª£c k√≠ch ho·∫°t b·∫£o h√†nh, t√¥i ƒë·ªÅ ngh·ªã shop su·∫•t h√≥a ƒë∆°n GTGT, shop h·∫πn t·ª´ 7 ƒë·∫øn 10 ng√†y.ƒê·∫øn h√¥m nay 18/2 t√¥i ch∆∞a nh·∫≠n ƒë∆∞·ª£c h√≥a ƒë∆°n GTGT.T√¥i kh√¥ng ng·ªù Samsung m√† c≈©ng l√†m ƒÉn ch·ª•p gi·∫≠t nh∆∞ th·∫ø.",3,P002,PL03
17996424484,2024-01-01,65589552,"ƒê√∫ng v·ªõi m√¥ t·∫£:h√†ng ko k√≠ch b·∫£o h√†nh

h√†ng ko k√≠ch b·∫£o h√†nh. b·∫•m ho√†n th√†nh ki k√≠ch, inb c≈©ng k k√≠ch ƒë∆∞·ª£c. mn n√©",1,P002,PL03
17996424484,2024-01-05,65589552,Ch·∫•t l∆∞·ª£ng s·∫£n ph·∫©m:c√≥ 1 v·∫øt s·ª©t nh·ªè tr√™n khung vi·ªÅn khi m·ªü h·ªôp n ko sao t·ªïng th·ªÉ ok,5,P002,PL03
17996424484,2023-12-16,65589552,ƒêi·ªán tho·∫°i th√¨ kh√¥ng c√≥ g√¨ ƒë·ªÉ ch√™ nh∆∞ng giao h√†ng ch·∫≠m th√¨ d√£ man.,5,P002,PL03
17996424484,2024-01-03,65589552,T√≠nh nƒÉng n·ªïi b·∫≠t:Mua m√†u ƒëen nh∆∞ng l·∫°i t·∫∑ng ·ªêp m√†u tr·∫Øng .. bu·ªìn h·∫øt s·ª©c,5,P002,PL03
17996424484,2024-01-17,65589552,"Ch·∫•t l∆∞·ª£ng s·∫£n ph·∫©m:New 100%
ƒê√∫ng v·ªõi m√¥ t·∫£:OK
T√≠nh nƒÉng n·ªïi b·∫≠t:Full",5,P002,PL03
17996424484,2024-01-03,65589552,ƒê√£ nh·∫≠n ƒë∆∞·ª£c h√†ng s·∫£n ph·∫©m ƒë√∫ng nh∆∞ m√¥ t·∫£,4,P002,PL03
17996424484,2024-01-01,65589552,Ch·∫•t l∆∞·ª£ng s·∫£n ph·∫©m:sp tuy·ªát voi.  r·∫•t ƒë√°ng mua. r·∫Ω h∆°n ch·ªó kh√°c.,5,P002,PL03
17996424484,2024-01-29,65589552,"Mua h√†ng m√† kh√¥ng c√≥ ƒë·ªì khuy·∫øn m·∫°i k√®m theo nh∆∞ th√¥ng b√°o, k√™u l√† h·∫øt. Cho 1 sao treo ƒë·∫ßu d√™ b√°n th·ªãt ch√≥",1,P002,PL03
17996424484,2024-01-06,65589552,Ch·ªçn m√°y m√†u ƒëen cho ƒë·ª° b·∫©n. Shop l·∫°i t·∫∑ng ·ªëp m√†u tr·∫Øng ƒë·∫øn ch·ªãu.,5,P002,PL03
17996424484,2024-01-16,65589552,SƒÉn ƒë∆∞·ª£c gi√° t·ªët ƒë√°ng mua.,5,P002,PL03
17996424484,2024-01-18,65589552,"S·∫£n ph·∫©m ƒë√∫ng m√¥ t·∫£, ƒë√≥ng g√≥i c·∫©n th·∫≠n",5,P002,PL03
17996424484,2023-12-31,65589552,"S·∫£n ph·∫©m ƒë·∫πp, ƒë√°ng mua",5,P002,PL03
17996424484,2023-12-25,65589552,Tuy·ªát v·ªùi,5,P002,PL03
17996424484,2023-12-31,65589552,Qu√° oke,5,P002,PL03
17996424484,2023-12-17,65589552,Ch·∫•t l∆∞·ª£ng s·∫£n ph·∫©m:ok,5,P002,PL03
17996424484,2024-01-17,65589552,"T√≠nh nƒÉng n·ªïi b·∫≠t:t·ªët
Ch·∫•t l∆∞·ª£ng s·∫£n ph·∫©m:s·ªãn
ƒê√∫ng v·ªõi m√¥ t·∫£:ƒë√∫ng

H√†ng nguy√™n ƒëai nguy√™n ki·ªán, s·ªãn s√≤, k√≠ch th∆∞·ªõc nh·ªè g·ªçn v·ª´a tay. M·ªõi d√πng h∆°n 1 tu·∫ßn th·∫•y ·ªïn √°p (tr·ªôm v√≠a 3 l·∫ßn) giao h√†ng nhanh. SƒÉn ƒë∆∞·ª£c gi√° r·∫ª n√™n r·∫•t ∆∞ng",5,P002,PL03
17996424484,2023-12-14,65589552,Ch·∫•t l∆∞·ª£ng s·∫£n ph·∫©m:ok,5,P002,PL03
17996424484,2024-01-13,65589552,Gi√° qu√° t·ªët,5,P002,PL03
17996424484,2024-01-06,65589552,"Giao h√†ng si√™u r√πa,",1,P002,PL03
17996424484,2024-01-03,65589552,R·∫•t h√†i l√≤ng.,5,P002,PL03
17996424484,2024-01-08,65589552,Ok,5,P002,PL03
17996424484,2024-01-16,65589552,Ok,5,P002,PL03
17996424484,2024-02-29,65589552,,5,P002,PL03
17996424484,2023-12-16,65589552,,5,P002,PL03
17996424484,2024-01-02,65589552,,5,P002,PL03
17996424484,2024-01-07,65589552,,5,P002,PL03
17996424484,2024-01-17,65589552,,5,P002,PL03
17996424484,2024-01-21,65589552,,5,P002,PL03
17996424484,2024-01-19,65589552,,5,P002,PL03
17996424484,2024-01-18,65589552,,5,P002,PL03
17996424484,2024-01-29,65589552,,5,P002,PL03
17996424484,2024-01-30,65589552,,5,P002,PL03
17996424484,2023-12-25,65589552,,5,P002,PL03
17996424484,2024-01-29,65589552,,5,P002,PL03
17996424484,2024-01-18,65589552,,5,P002,PL03
17996424484,2024-01-04,65589552,,5,P002,PL03
17996424484,2024-01-18,65589552,,5,P002,PL03
17996424484,2023-12-16,65589552,,5,P002,PL03
17996424484,2023-12-18,65589552,,5,P002,PL03
17996424484,2023-12-30,65589552,,5,P002,PL03
17996424484,2024-01-18,65589552,,5,P002,PL03
17996424484,2023-12-30,65589552,,5,P002,PL03
17996424484,2024-01-28,65589552,,5,P002,PL03
17996424484,2023-11-14,65589552,,5,P002,PL03
17996424484,2024-01-09,65589552,,5,P002,PL03
17996424484,2023-12-26,65589552,,5,P002,PL03
17996424484,2024-01-20,65589552,,4,P002,PL03
17996424484,2024-01-25,65589552,,5,P002,PL03
17996424484,2023-12-30,65589552,,5,P002,PL03
17996424484,2023-12-17,65589552,,5,P002,PL03
17996424484,2023-12-23,65589552,,5,P002,PL03
17996424484,2023-12-26,65589552,,5,P002,PL03
17996424484,2024-01-11,65589552,,5,P002,PL03
17996424484,2024-01-11,65589552,,5,P002,PL03
17996424484,2024-01-02,65589552,,5,P002,PL03
17996424484,2024-01-06,65589552,,5,P002,PL03
17996424484,2024-01-23,65589552,,5,P002,PL03
17996424484,2024-01-20,65589552,,5,P002,PL03
17996424484,2024-01-20,65589552,,5,P002,PL03
17996424484,2024-02-28,65589552,,5,P002,PL03
17996424484,2023-11-20,65589552,,5,P002,PL03
23917766596,2023-03-06,65589552,"ƒê√∫ng v·ªõi m√¥ t·∫£:ƒë√∫ng
Ch·∫•t l∆∞·ª£ng s·∫£n ph·∫©m:t·ªët

Sp giao nhanh trong 3 ng√†y, c√≥ ƒë√≥ng g√≥i l√≥t t√∫i x·ªëp bao b·ªçc kƒ© c√†ng, n√™n sƒÉn sale ƒë·ªÉ c√≥ gi√° t·ªët, l√∫c mua n√™n ƒë·∫∑t mua d√°n m√†n h√¨nh v√† ·ªëp l∆∞ng lu√¥n ƒë·ªÉ tr√°nh ch·ªù l√¢u",5,P002,PL03
23917766596,2023-03-04,65589552,"ƒê√∫ng v·ªõi m√¥ t·∫£:yes
Ch·∫•t l∆∞·ª£ng s·∫£n ph·∫©m:ok
T√≠nh nƒÉng n·ªïi b·∫≠t:pin l√¢u, cam ƒë·∫πp, m√°y r·∫•t m∆∞·ª£t snappy

Sau 2 tu·∫ßn s·ª≠ d·ª•ng c·∫£m th·∫•y r·∫•t h√†i l√≤ng, ƒët t·ªët nh·∫•t t·ª´ng d√πng, v√† t√¥i c√≥ c·∫£ iphone 14pm. Chip m·ªõi r·∫•t nhanh, m∆∞·ª£t, camera ch·ª•p ƒë·∫πp h∆°n ƒë√°ng k·ªÉ so v·ªõi ƒë·ªùi tr∆∞·ªõc, ch·ªëng rung r·∫•t t·ªët, zoom l√™n m·∫∑t trƒÉng, pin l√† ƒëi·ªÉm y·∫øu tr∆∞·ªõc gi·ªù th√¨ nay ƒëc c·∫£i thi·ªán r·∫•t nhi·ªÅu.",5,P002,PL03
23917766596,2023-04-24,65589552,"T√≠nh nƒÉng n·ªïi b·∫≠t:camera
Ch·∫•t l∆∞·ª£ng s·∫£n ph·∫©m:r·∫•t t·ªët
ƒê√∫ng v·ªõi m√¥ t·∫£:ƒë√∫ng

V√¨ m√°y ƒëang x√†i r√πi n√™n m√¨nh ko ch·ª•p ·∫£nh m√°y ƒë∆∞·ª£c, n√™n m√¨nh up ·∫£nh v√† clip quay ch·ª•p khi x√†i m√°y nha. ·∫¢nh ch·ª•p si√™u ƒë·∫πp, zoom xa kh·ªßng khi·∫øp, clip quay ·ªïn ƒë·ªãnh ch·ªëng rung s·∫Øc n√©t. N√≥i chung 10 ƒëi·ªÉm, ƒë√°ng ƒë·ªìng ti·ªÅn l·∫Øm.",5,P002,PL03
23917766596,2023-03-13,65589552,"ƒê√∫ng v·ªõi m√¥ t·∫£:100%
Ch·∫•t l∆∞·ª£ng s·∫£n ph·∫©m:t·ªët
T√≠nh nƒÉng n·ªïi b·∫≠t:zoom si√™u ƒë√£

M√†u si√™u xinh. C·∫ßm ch·∫Øc tay, l·∫•y ƒëth ƒëi soi idol th√¨ h·∫øt s·∫£y. M√¨nh c√≥ ƒëƒÉng h√¨nh vs clip ƒëi xem show khi d√πng t√≠nh nƒÉng zoom n√® m√† ph√¢n gi·∫£i khi up l√™n b·ªã gi·∫£m m·∫•t",5,P002,PL03
23917766596,2023-03-16,65589552,"Ch·∫•t l∆∞·ª£ng s·∫£n ph·∫©m:ƒë·∫øn nay th√¨ v·∫´n ok
T√≠nh nƒÉng n·ªïi b·∫≠t:camera n·ªïi b·∫≠t, s·∫Øc n√©t
ƒê√∫ng v·ªõi m√¥ t·∫£:ƒë√∫ng

ƒêt ok, nam t√≠nh, ko c√≥ ·∫•n t∆∞·ª£ng g√¨ qu√° n·ªïi b·∫≠t v·ªÅ v·∫ª ngo√†i nh∆∞ng x√†i m∆∞·ª£t, to, c·∫ßm ƒë·∫ßm tay. Hi·ªán t·∫°i ch∆∞a th·∫•y c√≥ v·∫•n ƒë·ªÅ g√¨, s·∫Ω review l·∫°i sau 15 ng√†y

ƒê√£ x√†i g·∫ßn 1 th√°ng, ƒët ·ªïn, b√∫t x√†i ph√™. Nh∆∞·ª£c ƒëi·ªÉm ƒë√¥i l√∫c c·∫ßm th·∫•y qu√° to n·∫∑ng üòÇ ch∆°i game l√¢u v·∫´n n√≥ng, camera cho m√†u ·∫£nh ƒë·∫πp, ch·ª•p nhanh, zoom 10x v·∫´n n√©t, zoom 30x th√¨ v·∫´n v·ª° n√©t, quay video r·∫•t ƒë·∫πp.",5,P002,PL03
23917766596,2023-10-11,65589552,"ƒê√¢y l√† tr·∫£i nghi·ªám mua h√†ng t·ªìi t·ªá nh·∫•t m√† m√¨nh t·ª´ng mua tr√™n shopee. Samsung ch·∫°y ch∆∞∆°ng tr√¨nh t·∫∑ng ·ªëp ƒëi·ªán tho·∫°i cho kh√°ch nh∆∞ng kh√¥ng h·ªÅ ƒë·ªÉ ƒë∆°n h√†ng 0ƒë. M√¨nh c·ª© nghƒ© l√† s·∫Ω auto t·∫∑ng khi kh√°ch h√†ng mua s·∫£n ph·∫©m. ƒê·∫øn khi nh·∫≠n h√†ng th√¨ m√¨nh kh√¥ng nh·∫≠n ƒë∆∞·ª£c ·ªëp m√¨nh li√™n h·ªá l·∫°i th√¨ h·ªç b√°o kh√¥ng c√≥ v√† y√™u c·∫ßu kh√°ch h√†ng ph·∫£i nh·∫Øn tin tr∆∞·ªõc khi mua h√†ng.
Quy ƒë·ªãnh n√†o l√† kh√°ch ph·∫£i nh·∫Øn tin tr∆∞·ªõc khi mua h√†ng?
T·∫°i sao kh√¥ng publicth√¥ng tin r√µ r√†ng?
T·∫°i sao ƒë·ªÉ qu√† t·∫∑ng cho kh√°ch nh∆∞ng kh√¥ng ƒë·ªÉ ƒë∆°n h√†ng 0 ƒë·ªìng.
M√¨nh ƒë√£ mua r·∫•t nhi·ªÅu Samsung cho b·∫£n th√¢n v√† gia ƒë√¨nh nh∆∞ng ƒë√¢y l√† l·∫ßn cu·ªëi c√πng m√¨nh d√πng Samsung.
Tr·∫£i nghi·ªám c·ª±c k·ª≥ t·ªìi t·ªá",1,P002,PL03
23917766596,2023-04-08,65589552,H√†ng ƒë∆∞·ª£c shop ƒë√≥ng g√≥i v√† giao cho ƒë∆°n v·ªã v·∫≠n chuy·ªÉn kh√° nhanh. Th·ªùi gian ship h√†ng c≈©ng nhanh.,5,P002,PL03
23917766596,2023-10-15,65589552,"Ch·∫•t l∆∞·ª£ng s·∫£n ph·∫©m ch∆∞a n√≥i t·ªõi. Nh∆∞ng mh b·ª±c c√°i mh b·∫£o xu·∫•t hƒë cty, mh sƒÉn gi√° c√≤n d∆∞·ªõi 20tr ƒë√£ tt tr∆∞·ªõc. Nh∆∞ng shop xu·∫•t th·∫≥ng vat gi√° tr√™n 20tr v√† ko h·ªÅ b√°o cho mh. Gi·ªù b·∫£o l√† ko thay ƒë·ªïi ƒëc g√¨. Gi·ªù h√≥a ƒë∆°n c≈©ng ko d√πng ƒë∆∞·ª£c. Hjzzzzz 1* cho vde n√†y, mong shop r√∫t kinh nghi·ªám",1,P002,PL03
23917766596,2023-03-24,65589552,Nh·∫≠n h√†ng cu·ªëi th√°ng 2 d√πng t·ªõi gi·ªù ok n√™n quay l·∫°i ƒë√°nh gi√° 5 sao,5,P002,PL03
23917766596,2023-10-11,65589552,ƒê√∫ng  m√†u  ƒêT m·ªõi  ƒëang  d√πng  . S·∫Ω  ung h·ªô l·∫ßn  sau,5,P002,PL03
23917766596,2023-10-23,65589552,Qu√° ngon,5,P002,PL03
23917766596,2023-04-17,65589552,,5,P002,PL03
23917766596,2023-10-17,65589552,,5,P002,PL03
23917766596,2024-01-18,65589552,,5,P002,PL03
23917766596,2023-10-10,65589552,,5,P002,PL03
23917766596,2023-05-16,65589552,,5,P002,PL03
23917766596,2023-04-24,65589552,,5,P002,PL03
23917766596,2023-04-09,65589552,,5,P002,PL03
23917766596,2023-04-05,65589552,,5,P002,PL03
23917766596,2023-03-14,65589552,,5,P002,PL03
23917766596,2023-04-06,65589552,,5,P002,PL03
23917766596,2023-02-28,65589552,,5,P002,PL03
23917766596,2023-02-25,65589552,,5,P002,PL03
23917766596,2023-02-26,65589552,,5,P002,PL03
23917766596,2023-03-07,65589552,,5,P002,PL03
23221707915,2023-08-05,897072353,"T√≠nh nƒÉng n·ªïi b·∫≠t:pin kh·ªèe, m√†n m√¨nh c·∫£m ·ª©ng m∆∞·ª£t
Ch·∫•t l∆∞·ª£ng s·∫£n ph·∫©m:qu√° x·ªãn, qu√° ƒë·∫πp
ƒê√∫ng v·ªõi m√¥ t·∫£:h√†ng ch√≠nh h√£ng, nguy√™n seal, test b·∫£o h√†nh ƒëi·ªán t·ª≠ ƒë√£ dc k√≠ch ho·∫°t.

N√≥i chung l·∫ßn ƒë·∫ßu mua h√†ng gi√° tr·ªã l·ªõn tr√™n shoppee m√† qu√° ∆∞ng √Ω. C√≤n ƒë∆∞·ª£c gi√° t·ªët n·ªØa.
N√™n mua nha m·ªçi ng∆∞·ªùi.",5,P002,PL03
23221707915,2023-06-30,897072353,"Ch·∫•t l∆∞·ª£ng s·∫£n ph·∫©m:Chu·∫©n ch√≠nh h√£ng
T√≠nh nƒÉng n·ªïi b·∫≠t:M√°y m∆∞·ª£t d√πng ·ªïn
ƒê√∫ng v·ªõi m√¥ t·∫£:ƒë√∫ng

Giao h√†ng ƒë·∫ßy ƒë·ªß v√† t·∫≠n t√¢m h√†ng chu·∫©n ch√≠nh h√£ng l√∫c ship t·ªõi m·ªõi k√≠ch b·∫£o h√†nh nha, qu√° y√™n t√¢m nh√©, gi√° h·ª£p l√≠ n·ªØa.",5,P002,PL03
23221707915,2023-06-26,897072353,"Ch·∫•t l∆∞·ª£ng s·∫£n ph·∫©m:t·ªët
ƒê√∫ng v·ªõi m√¥ t·∫£:ƒë√∫ng
T√≠nh nƒÉng n·ªïi b·∫≠t:s23 plus

Guao r·∫•t nhanh, h√†ng nh·∫≠n v·ªÅ trong ng√†y. S·∫£n ph·∫©m ƒë√∫ng v·ªõi m√¥ t·∫£.",5,P002,PL03
23221707915,2023-05-17,897072353,"Ch·∫•t l∆∞·ª£ng s·∫£n ph·∫©m t·ªët, ƒë√≥ng g√≥i k·ªπ c√†ng. Trong app kh√¥ng hi·ªÉn th·ªã qu√† t·∫∑ng nh∆∞ng c≈©ng ƒë∆∞·ª£c t·∫∑ng th√™m Buds 2",5,P002,PL03
23221707915,2023-08-07,897072353,H√†ng gi·ªëng h√¨nh. Mua sale gi√° r·∫ª h∆°n tgdd chu·∫©n b·ªã v√† giao h√†ng nhanh hy v·ªçng b·ªÅn.,5,P002,PL03
23221707915,2023-05-28,897072353,"ƒëi·ªán tho·∫°i 10 ƒëi·ªÉm nhanh m·∫°nh pin tr√¢u
shop 11 ƒëi·ªÉm rep nhanh nhi·ªát t√¨nh
N√™n mua!",5,P002,PL03
23221707915,2023-06-25,897072353,,5,P002,PL03
23221707915,2023-10-18,897072353,,5,P002,PL03
23221707915,2023-07-29,897072353,,5,P002,PL03
22847766940,2023-07-12,37679543,"Ch·∫•t l∆∞·ª£ng s·∫£n ph·∫©m:T·ªët

S·∫£n ph·∫©m ch√≠nh h√£ng Samsung, c√≤n nguy√™n seal fullbox",5,P002,PL03
21485162489,2024-01-05,603809751,,5,P002,PL03
21485162489,2024-01-08,603809751,,5,P002,PL03
21294868608,2024-04-12,181774937,"Packing v√¥ c√πng c·∫©n th·∫≠n v√† ch·ªânh chu ·∫°
M√¨nh ƒë√£ mua h√†ng offline m·ªôt l·∫ßn n√™n l·∫ßn n√†y tin t∆∞·ªüng shop n√™n ƒë·∫∑t h√†ng tr√™n shopee",5,P002,PL03
21294868608,2024-04-12,181774937,"T√≠nh nƒÉng n·ªïi b·∫≠t:m√°y ngon
ƒê√∫ng v·ªõi m√¥ t·∫£:ƒë√∫ng
Ch·∫•t l∆∞·ª£ng s·∫£n ph·∫©m:tuy·ªát v·ªùi

L·∫ßn ƒë·∫ßu mua h√†ng gi√° tr·ªã cao tr√™n shopee n√™n h∆°i r√©n, h√†ng v·ªÅ th√¨ v·ª° √≤a lu√¥n, m√°y ngon, n√©t cƒÉng, d√πng qu√° ph√™ lu√¥n ü§£",5,P002,PL03
21294868608,2024-04-18,181774937,"T√≠nh nƒÉng n·ªïi b·∫≠t:ch√≠nh h√£ng
ƒê√∫ng v·ªõi m√¥ t·∫£:ƒë√∫ng
Ch·∫•t l∆∞·ª£ng s·∫£n ph·∫©m:very good

Chu·∫©n h√†ng ch√≠nh h√£ng ssvn, h√†ng new gi√° qu√° ngon. Shop chu ƒë√°o g·ª≠i c·∫£ imei tr∆∞·ªõc. S·∫Ω ·ªßng h·ªô shop l√¢u d√†i ·∫°üòç",5,P002,PL03
21294868608,2024-04-13,181774937,"S·ªëng tr√™n ƒë·ªùi n√™n bi·∫øt m√¨nh ƒëang ƒë·ª©ng ·ªü v·ªã tr√≠ n√†o, kh√¥ng l·ªõn tu·ªïi h∆°n ai th√¨ ƒë·ª´ng ƒë√≤i l√†m cha ng∆∞·ªùi kh√°c.

ƒê·ª´ng n√≥i ra b√≠ m·∫≠t c·ªßa ng∆∞·ªùi kh√°c, n·∫øu kh√¥ng ƒë√≥ ƒë√£ kh√¥ng c√≤n l√† chuy·ªán c·ªßa ri√™ng ai n·ªØa.",5,P002,PL03
21294868608,2024-04-13,181774937,"h√†ng ch√≠nh h√£ng, ch·ªß shop d·ªÖ thg t∆∞ v·∫•n nhi·ªát t√¨nh",5,P002,PL03
21294868608,2024-04-11,181774937,"ƒê√∫ng v·ªõi m√¥ t·∫£:san pham newseal
Ch·∫•t l∆∞·ª£ng s·∫£n ph·∫©m:t·ªët
T√≠nh nƒÉng n·ªïi b·∫≠t:newseal check dc ch√≠nh h√£ng

M√¨nh ƒë√£ tra th√¥ng tin chu·∫©n ch√≠nh h√£ng nha m·ªçi ng∆∞·ªùi, l·∫ßn ƒë·∫ßu ti√™n m√† m√¨nh mua ƒë∆°n h√†ng ƒëi·ªán t·ª≠ gi√° tr·ªã cao m√† h·ªìi h·ªôp qu√°. Shop ƒë√≥ng h√†ng nhanh, ƒë·∫∑t h√¥m qua m√† nay nh·∫≠n ƒë∆∞·ª£c r·ªìi. Up m√£ ƒë∆∞·ª£c gi√° c·ª±c th∆°m.
Ncl shop uy t√≠n, h·ªó tr·ª£ l√¢u d√†i,m√¨nh c√≤n ·ªßng h·ªô d√†i
Ch√∫c shop mua may b√°n ƒë∆∞·ª£c nhi·ªÅu h√†ng.",5,P002,PL03
21294868608,2024-04-12,181774937,"ƒê√∫ng v·ªõi m√¥ t·∫£:ƒê√∫ng v·ªõi m√¥ t·∫£ s·∫£n ph·∫©m
Ch·∫•t l∆∞·ª£ng s·∫£n ph·∫©m:T·ªët

Shop h·ªó tr·ª£ nhi·ªát t√¨nh, ƒë√≥ng g√≥i c·∫©n th·∫≠n. H√£ng ch√≠nh h√£ng, gi√° t·ªët",5,P002,PL03
21294868608,2024-04-12,181774937,"S·∫£n ph·∫©m ƒë√∫ng v·ªõi m√¥ t·∫£, neeseal m·ªõi 100%,v·∫≠n chuy·ªÉn kh√¥ng d·∫≠p n√°t, r·∫•t vui khi ƒë√£ ƒë·∫∑t ni·ªÅm tin v√†o galaxyshopvn.
M√°y d√πng ngon, m√°t, ƒë√£ l√™n b·∫£o h√†nh ch√≠nh h√£ng SSVN",5,P002,PL03
21294868608,2024-04-12,181774937,H·ªôp ƒë√£ b·ªã b√≥c seal :(,3,P002,PL03
21294868608,2024-04-13,181774937,H√†ng nguy√™n seal samsung nh√©,5,P002,PL03
21294868608,2024-04-13,181774937,,5,P002,PL03
21294868608,2024-04-18,181774937,,5,P002,PL03
21294868608,2024-04-12,181774937,,5,P002,PL03
21294868608,2024-04-12,181774937,,5,P002,PL03
21294868608,2024-04-18,181774937,,5,P002,PL03
21294868608,2024-04-14,181774937,,5,P002,PL03
21294868608,2024-04-13,181774937,,5,P002,PL03
21294868608,2023-11-15,181774937,,5,P002,PL03
20684003546,2023-09-13,811629533,"ƒê√∫ng v·ªõi m√¥ t·∫£:nh∆∞ h√¨nh ·∫£nh
Ch·∫•t l∆∞·ª£ng s·∫£n ph·∫©m:s·∫£n ph·∫©m ƒë·∫πp
T√≠nh nƒÉng n·ªïi b·∫≠t:chu·∫©n

H√†ng ƒë·∫πp,s·∫£n ph·∫©m ok,giao h√†ng nhanh,ƒë√≥ng g√≥i c·∫©n th·∫≠n.S·∫Ω ≈©ng h·ªô shop d√†i l√¢u.",5,P002,PL03
19872394558,2023-05-18,897072353,"Ch·∫•t l∆∞·ª£ng s·∫£n ph·∫©m:t·ªët

S·∫£n ph·∫©m ch√≠nh h√£ng, shop h·ªó tr·ª£ nhi·ªát t√¨nh, m ·ªü H√† N·ªôi ƒë·∫∑t ƒë√∫ng 1 ng√†y nh·∫≠n dc h√†ng, b√™n giao h√†ng c·∫©n th·∫≠n, m√°y dc k√≠ch ho·∫°t b·∫£o h√†nh sau khi nh·∫≠n 1-2 ng√†y, sƒÉn sale √°p voucher c√≤n 13 tr·ªãu üòò",5,P002,PL03
19872394558,2023-05-19,897072353,"·ªû Tp. H·ªì Ch√≠ Minh nh∆∞ng ƒë·∫∑t ƒë√∫ng 1 ng√†y l√† shop ƒë√£ giao ƒë·∫øn nh√† r·ªìi. Sau khi nh·∫≠n h√†ng shop k√≠ch ho·∫°t b·∫£o h√†nh online cho m√¨nh lu√¥n.
M√°y ƒë·∫πp, h·ªôp nguy√™n seal, ƒë√≥ng g√≥i r·∫•t kƒ©. S·∫Ω ·ªßng h·ªô ti·∫øp!",5,P002,PL03
19872394558,2023-05-31,897072353,"S·∫£n ph·∫©m ok ch·∫°y m∆∞·ª£t, d√πng pin trong ng√†y kh√° ·ªïn. ƒê∆∞·ª£c k√≠ch ho·∫°t b·∫£o h√†nh samsung sau nh·∫≠n m√°y kh√° an t√¢m. Mua ƒëi·ªán tho·∫°i online th·∫•y h∆°i lo, nh∆∞ng tin t∆∞·ªüng shopee mall n√™n ƒë·∫∑t h√†ng ·ªü store online c·ªßa samsung lu√¥n.
D·ªãch v·ª• chƒÉm s√≥c kh√°ch h√†ng c·ªßa store  r·∫•t t·∫≠n t√¢m, khuya v·∫´n tr·∫£ l·ªùi th·∫Øc m·∫Øc c·ªßa m√¨nh. H·ªó tr·ª£ gi·∫£i quy·∫øt v·∫•n ƒë·ªÅ c·ªßa m√¨nh trong v√≤ng 24h r·∫•t chu ƒë√°o.
L·∫ßn sau n·∫øu mua ƒëi·ªán tho·∫°i online s·∫Ω gh√© store ti·∫øp.",5,P002,PL03
19872394558,2023-06-08,897072353,"ƒê√∫ng v·ªõi m√¥ t·∫£:T·ªët
Ch·∫•t l∆∞·ª£ng s·∫£n ph·∫©m:T·ªët

Shop uy t√≠n, nhi·ªát t√¨nh. H∆°i lo v√¨ mua l·∫ßn ƒë·∫ßu tr√™n m·∫°ng nh∆∞ng l√∫c nh·∫≠n l√† ƒë∆∞·ª£c ki·ªÉm h√†ng nh√© mn ü•∞.",5,P002,PL03
19872394558,2023-05-26,897072353,"H∆°i ch√°n, Dt kh√¥ng c√≥ c·ª•c s·∫°c m√† c√≤n kh√¥ng d√°n s·∫µn mi·∫øng d√°n m√†n h√¨nh, kh√¥ng c√≥ ·ªëp l∆∞ng. Ph·ª• ki·ªán trong h·ªôp √≠t h∆°n ƒëi·ªán tho·∫°i nh∆∞ oppo, xiaomi, realme.",5,P002,PL03
19872394558,2023-10-01,897072353,"Th·ª±c s·ª± l√† m√°y c√≥ g√¨ ƒë√≥ kh√° l√† n√≥ng, mua v·ªÅ l√† ch·ªâ c√≥ c√†i ƒë·∫∑t c·∫≠p nh·∫≠t kho·∫£ng 15 ph√∫t n·ª≠a ti·∫øng m√† m√°y n√≥ng gh√™. C≈©ng h∆°i run run.",4,P002,PL03
19872394558,2023-08-10,897072353,"Ch·∫•t l∆∞·ª£ng s·∫£n ph·∫©m:tot
ƒê√∫ng v·ªõi m√¥ t·∫£:ok
T√≠nh nƒÉng n·ªïi b·∫≠t:ok",5,P002,PL03
19872394558,2023-06-18,897072353,NGUY√äN SEAL CH∆ØA K√çCH HO·∫†T. CH√çNH H√ÉNG SSVN. c√≥ ho√° ƒë∆°n SS. GIAO H√ÄNG NHANH.,5,P002,PL03
19872394558,2023-07-08,897072353,"Ch·∫•t l∆∞·ª£ng s·∫£n ph·∫©m:T·ªët

Shop ship nhanh l·∫Øm, nhi·ªát t√¨nh, h√†o s·∫£ng...
C·∫£m ∆°n shop!
Ch√∫c shop lu√¥n lu√¥n ph√°t tri·ªÉn h∆°n n·ªØa.",5,P002,PL03
19872394558,2023-05-29,897072353,"H√†ng nguy√™n seal. Nh·ªè nh·ªè xinh xinh. Giao h√†ng nhanh, tin nh·∫Øn h·ªá th·ªëng samsung b√°o su·ªët trong qu√° tr√¨nh giao h√†ng. B·∫£o h√†nh online. Ch∆∞a nh·∫≠n h√†ng c≈©ng h∆°i lo v√¨ l·∫ßn ƒë·∫ßu mua ƒëi·ªán tho·∫°i tr√™n shoppe. Nh∆∞·ª£c ƒëi·ªÉm S·∫°c h∆°i n√≥ng m√°y üòè",5,P002,PL03
19872394558,2023-07-02,897072353,"Sp ch·∫•t l∆∞·ª£ng, giao h√†ng nhanh, ch·ª•p h√¨nh s·∫Øc n√©t. M·ªói ƒëi·ªÅu khi sd m√°y n√≥ng",5,P002,PL03
19872394558,2023-05-18,897072353,Shop uy t√≠n. Giao h√†ng r·∫•t nhanh. D·ªãch v·ª• t·ªët.,5,P002,PL03
19872394558,2023-08-17,897072353,Ok nh√© nh·∫≠n h√†ng ƒë·∫πp sƒÉn sale h∆°n 13tr,5,P002,PL03
19872394558,2023-05-27,897072353,"Gi√° t·ªët, giao nhanh, s·∫Ω ·ªßng h·ªô ti·∫øp",5,P002,PL03
19872394558,2023-07-13,897072353,S·∫£n ph·∫©m ch√≠nh h√£ng. ƒê√≥ng g√≥i c·∫©n th·∫≠n.,5,P002,PL03
19872394558,2023-06-28,897072353,"Ch·ª•p ·∫£nh t·ªët, pin t·∫°m ·ªïn",5,P002,PL03
19872394558,2023-09-27,897072353,H√†ng xu·∫•t t·ª´ store samsung lu√¥n. 5 sao,5,P002,PL03
19872394558,2023-07-05,897072353,"M√°y ch√≠nh h√£ng, ngon trong t·∫ßm gi√°",5,P002,PL03
19872394558,2023-06-01,897072353,"ƒê√∫ng v·ªõi m√¥ t·∫£:ok

ƒê√∫ng h√†ng",5,P002,PL03
19872394558,2023-07-10,897072353,H√†ng chu·∫©n ch∆∞a √£tive,5,P002,PL03
19872394558,2023-05-18,897072353,h√†ng ƒë·∫πp,5,P002,PL03
19872394558,2023-05-25,897072353,m√°y ƒë·∫πp.,5,P002,PL03
19872394558,2023-05-29,897072353,12591,5,P002,PL03
19872394558,2023-08-10,897072353,,5,P002,PL03
19872394558,2023-09-13,897072353,,5,P002,PL03
19872394558,2023-07-18,897072353,,5,P002,PL03
19872394558,2023-07-17,897072353,,5,P002,PL03
19872394558,2023-06-29,897072353,,5,P002,PL03
19872394558,2023-05-27,897072353,,5,P002,PL03
19872394558,2023-05-26,897072353,,5,P002,PL03
19872394558,2023-05-18,897072353,,5,P002,PL03
19872394558,2023-05-22,897072353,,5,P002,PL03
19872394558,2023-05-16,897072353,,5,P002,PL03
19395750308,2024-01-05,297083882,"Ch·∫•t l∆∞·ª£ng s·∫£n ph·∫©m:ok
ƒê√∫ng v·ªõi m√¥ t·∫£:ƒë√∫ng ƒë√≥

Ti·ªÅn n√†o c·ªßa n·∫•y th√¥i c√°c b·∫°n ·∫°, c√†y game bao ph√™, d√πng m∆∞·ª£t l·∫Øm nha shop. ƒê√°ng ƒë·ªÉ mua",5,P002,PL03
19395750308,2024-01-05,297083882,"Shop ƒë√≥ng g√≥i c·∫©n th·∫≠n, giao h√†ng nhanh, √°p maz ƒë∆∞·ª£c gi√° t·ªët. .",5,P002,PL03
19395750308,2024-01-04,297083882,"ƒê√∫ng v·ªõi m√¥ t·∫£:dduwjg

sp ok ·∫° n√™n mua nha mn shipper th√¢n thi·∫πn giao habgf nhanh",5,P002,PL03
19395750308,2024-01-04,297083882,"Shop ƒë√≥ng g√≥i h√†ng r·∫•t c·∫©n th·∫≠n,mua ƒëc gi√° sale.s·∫Ω c√≤n ·ªßng h·ªô nhi·ªÅu ·∫°.",5,P002,PL03
19395750308,2024-01-21,297083882,"Shop giao h√†ng nhanh 
T∆∞ v·∫•n nhi·ªát t√¨nh 
∆Øu ƒë√£i nhi·ªÅu 
Cho shop 10ƒë",5,P002,PL03
19395750308,2024-01-21,297083882,"Giao h√†ng nhanhh 
SƒÉn ƒë∆∞·ª£c gi√° ∆∞u ƒë√£i 
T∆∞ v·∫•n si√™u nhi·ªát t√¨nh",5,P002,PL03
19395750308,2024-01-04,297083882,"T√≠nh nƒÉng n·ªïi b·∫≠t:t·ªët
ƒê√∫ng v·ªõi m√¥ t·∫£:t·ªët
Ch·∫•t l∆∞·ª£ng s·∫£n ph·∫©m:t·ªët

ƒê√°ng mua",5,P002,PL03
19395750308,2024-01-10,297083882,Ch·∫•t l∆∞·ª£ng s·∫£n ph·∫©m:Shop giao h√†ng nhanh ƒë√≥ng g√≥i c·∫©n th·∫≠n ∆∞ng l·∫Øm ·∫°,5,P002,PL03
19395750308,2024-01-20,297083882,"Ch·∫•t l∆∞·ª£ng s·∫£n ph·∫©m:t·ªët
T√≠nh nƒÉng n·ªïi b·∫≠t:qua t·ªët
ƒê√∫ng v·ªõi m√¥ t·∫£:OK",5,P002,PL03
19395750308,2024-01-08,297083882,"ƒê√∫ng v·ªõi m√¥ t·∫£:ƒë√∫ng
T√≠nh nƒÉng n·ªïi b·∫≠t:ch∆°i Game‚Ä¶
Ch·∫•t l∆∞·ª£ng s·∫£n ph·∫©m:t·ªët

ƒê√°ng mua nh√©",5,P002,PL03
19395750308,2024-01-04,297083882,"ƒê√∫ng v·ªõi m√¥ t·∫£:ƒë√∫ng
Ch·∫•t l∆∞·ª£ng s·∫£n ph·∫©m:t·ªët
T√≠nh nƒÉng n·ªïi b·∫≠t:All

ƒê√°ng mua nh√©",5,P002,PL03
19395750308,2024-01-03,297083882,"T√≠nh nƒÉng n·ªïi b·∫≠t:ok
ƒê√∫ng v·ªõi m√¥ t·∫£:ok
Ch·∫•t l∆∞·ª£ng s·∫£n ph·∫©m:ok

ƒêi·ªán tho·∫°i ƒë·∫πp l·∫Øm ·∫° üòçüòçüòç",5,P002,PL03
19395750308,2024-01-04,297083882,"Ch·∫•t l∆∞·ª£ng s·∫£n ph·∫©m:ok
ƒê√∫ng v·ªõi m√¥ t·∫£:dung
T√≠nh nƒÉng n·ªïi b·∫≠t:ok

S·∫Ω ·ªßng h·ªô shop th√™m ·∫°",5,P002,PL03
19395750308,2024-01-04,297083882,"Ch·∫•t l∆∞·ª£ng s·∫£n ph·∫©m:ok
ƒê√∫ng v·ªõi m√¥ t·∫£:ok
T√≠nh nƒÉng n·ªïi b·∫≠t:ok",5,P002,PL03
19395750308,2024-01-31,297083882,Shop giao h√†ng nhanh ƒë√≥ng g√≥i c·∫©n th·∫≠n ∆∞ng l·∫Øm ·∫°,5,P002,PL03
19395750308,2024-01-19,297083882,"(TB) H·ªôi Ch·ªØ th·∫≠p ƒë·ªè Vi·ªát Nam k√™u g·ªçi nh√¢n d√¢n c·∫£ n∆∞·ªõc chung tay gi√∫p ƒë·ª° ng∆∞·ªùi ngh√®o, ng∆∞·ªùi c√≥ ho√†n c·∫£nh kh√≥ khƒÉn c√≥ ƒëi·ªÅu ki·ªán vui xu√¢n ƒë√≥n T·∫øt b·∫±ng c√°ch so·∫°n tin nh·∫Øn TET g·ª≠i 1409 ƒë·ªÉ ·ªßng h·ªô 20.000 ƒë·ªìng/tin nh·∫Øn. Th·ªùi gian ƒë·∫øn h·∫øt ng√†y 19/01/2024. Ph√≠ nh·∫Øn tin 300ƒë/tin. Chi ti·∫øt li√™n h·ªá 19001530, nh√°nh 6 (1000ƒë/ph√∫t) ho·∫∑c truy c·∫≠p http://1400.vn",5,P002,PL03
19395750308,2024-01-08,297083882,,5,P002,PL03
19395750308,2024-01-04,297083882,,5,P002,PL03
19395750308,2024-02-01,297083882,,5,P002,PL03
19395750308,2024-01-05,297083882,,5,P002,PL03
19395750308,2024-01-05,297083882,,5,P002,PL03
19395750308,2024-01-30,297083882,,5,P002,PL03
18176444637,2023-08-03,36280069,"Ch·∫•t l∆∞·ª£ng s·∫£n ph·∫©m:Tot
ƒê√∫ng v·ªõi m√¥ t·∫£:ƒë√∫ng
T√≠nh nƒÉng n·ªïi b·∫≠t:tuy·ªát v·ªùi

Giao h√†ng nhanh, ƒë√≥ng g√≥i kƒ© c√†ng. M√°y ƒë·∫πp nh∆∞ h√¨nh.
Shop uy t√≠n ch·∫•t l∆∞·ª£ng",5,P002,PL03
18176444637,2023-08-04,36280069,"T√≠nh nƒÉng n·ªïi b·∫≠t:t·ªët
Ch·∫•t l∆∞·ª£ng s·∫£n ph·∫©m:t·ªët
ƒê√∫ng v·ªõi m√¥ t·∫£:ƒë√∫ng

S·∫£n ph·∫©m chu·∫©n ch√≠nh h√£ng samsung
Shop uy t√≠n 
N·∫øu l·∫ßn sau mua s·∫Ω nghƒ© t·ªõi shop ƒë·∫ßu ti√™n ƒë·ªÉ gi·ªõi thi·ªáu cho b·∫°n b√®",5,P002,PL03
18176444637,2023-09-17,36280069,Shop nhi·ªát t√¨nh nh√©. Sp ok. Mua m√°y m√†u ƒë·∫∑c bi·ªát n√™n kick bh trc m·∫•y ng√†y. Ko c√≥ ƒëi·ªÉm j ch√™ c·∫£. 5 + 5*,5,P002,PL03
18176444637,2023-08-14,36280069,"T√≠nh nƒÉng n·ªïi b·∫≠t:tuyet voi
ƒê√∫ng v·ªõi m√¥ t·∫£:dung
Ch·∫•t l∆∞·ª£ng s·∫£n ph·∫©m:good

Shop uy t√≠n
Add voucher v√†o gi√° qu√° h·ªùi",5,P002,PL03
18176444637,2023-08-14,36280069,Sp th√¨ ok nh∆∞ng c√≥ c·ª•c s·∫°c km 25w n√≥i m√£i m√† kh√¥ng th·∫•y giao.,3,P002,PL03
18176444637,2023-07-03,36280069,"Shipping fast,and the price is cheaper than others.",5,P002,PL03
18176444637,2023-08-12,36280069,ƒê√£ mua v√† mua l·∫°i m·ªôt m√°y n·ªØa t·∫∑ng ng∆∞·ªùi th√¢n. Ch·∫•t l∆∞·ª£ng tuy·ªát v·ªùi,5,P002,PL03
18176444637,2023-10-15,36280069,"Shop ph·ª•c v·ª• t·ªët, giao h√†ng nhanh.",5,P002,PL03
18176444637,2023-08-14,36280069,M√°y newseal ch∆∞a k√≠ch ho·∫°t Shop5 sao,5,P002,PL03
18176444637,2023-08-15,36280069,ƒê√£ mua v√† c·ª±c ∆∞ng √Ω v·ªõi s·∫£n ph·∫©m n√†y,5,P002,PL03
18176444637,2023-08-09,36280069,S·∫£n ph·∫©m th·ª±c t·∫ø ch·∫•t l∆∞·ª£ng ·∫°,5,P002,PL03
18176444637,2023-08-15,36280069,"M√°y ƒë·∫πp, s·∫£n ph·∫©m ch·∫•t l∆∞·ª£ng",5,P002,PL03
18176444637,2023-07-11,36280069,ƒê√£ k√≠ch ho·∫°t b·∫£o h√†nh tr∆∞·ªõc!,4,P002,PL03
18176444637,2023-09-27,36280069,,5,P002,PL03
18176444637,2023-08-19,36280069,,5,P002,PL03
18176444637,2023-08-10,36280069,,5,P002,PL03
18176444637,2023-08-20,36280069,,5,P002,PL03
18176444637,2023-08-12,36280069,,5,P002,PL03
18176444637,2023-08-03,36280069,,5,P002,PL03
18176444637,2023-08-03,36280069,,5,P002,PL03
18176444637,2023-03-31,36280069,,5,P002,PL03
